t_tot,P_tot,T_gf_tot,T_gb_tot,sL_tot,r_tot,rho_gb_tot,rho_gf_tot,masse_gb_tot,masse_gf_tot,masse_total
0,1955572.5,572.47,2813.7541,0.6334878145780007,0.001,2.5249481692448503,14.092597367007146,7.457303201581212e-08,0.007378807695430942,0.007378882268462958
1e-05,1955574.1796382586,572.4701411877878,2813.7541,0.6334878145780007,0.001035357116698451,2.524950337919009,14.092605995470286,1.057647815892616e-08,0.0073788716919848,0.007378882268462958
2e-05,1955575.9801517106,572.4702923556828,2813.7542454234217,0.6334880681174704,0.0010707142246768086,2.5249525321645643,14.092615249318953,1.1738482829400885e-08,0.007378870529980129,0.007378882268462958
3.0000000000000004e-05,1955577.9057408515,572.4704538445994,2813.7544011263535,0.6334883394676453,0.001106071339296942,2.5249548786776015,14.092625150430141,1.2982625949705095e-08,0.007378869285837008,0.007378882268462958
4e-05,1955579.96060565,572.4706259954002,2813.754567459938,0.6334886292332431,0.0011414284610446446,2.52495738256578,14.092635720678219,1.431171396497369e-08,0.007378867956748993,0.007378882268462958
5e-05,1955582.1489461272,572.4708091489531,2813.754744775262,0.6334889380188845,0.0011767855904228205,2.524960048936869,14.092646981937667,1.5728552398098548e-08,0.00737886653991056,0.007378882268462958
6e-05,1955584.4749623605,572.4710036461324,2813.754933423422,0.6334892664292043,0.0012121427279514782,2.524962882898698,14.092658956083083,1.7235946835651047e-08,0.007378865032516123,0.007378882268462958
7.000000000000001e-05,1955586.942854487,572.4712098278183,2813.7551337555165,0.6334896150688518,0.001247499874167731,2.5249658895591622,14.09267166498922,1.883670293207653e-08,0.007378863431760026,0.007378882268462958
8e-05,1955589.556822708,572.471428034898,2813.755346122653,0.6334899845424907,0.0012828570296257971,2.5249690740262265,14.092685130530946,2.0533626414023167e-08,0.0073788617348365445,0.007378882268462958
9e-05,1955592.3210672918,572.4716586082662,2813.755570875945,0.6334903754548022,0.0013182141948970005,2.5249724414079284,14.092699374583294,2.2329523084804713e-08,0.0073788599389398735,0.007378882268462958
0.0001,1955595.2397885784,572.4719018888246,2813.7558083665144,0.6334907884104847,0.001353571370569771,2.524975996812383,14.092714419021462,2.422719882899725e-08,0.0073788580412641296,0.007378882268462958
0.00011,1955598.3171869835,572.4721582174832,2813.7560589454897,0.6334912240142534,0.0013889285572496453,2.524979745347788,14.092730285720808,2.622945961716976e-08,0.007378856039003341,0.007378882268462958
0.00012,1955601.5574630029,572.4724279351603,2813.7563229640077,0.6334916828708436,0.001424285755559267,2.5249836921224285,14.092746996556885,2.8339111510748783e-08,0.007378853929351448,0.007378882268462958
0.00013000000000000002,1955604.9648172164,572.4727113827835,2813.7566007732153,0.6334921655850108,0.0014596429661383878,2.524987842244679,14.092764573405415,3.055896066701695e-08,0.007378851709502292,0.007378882268462958
0.00014000000000000001,1955608.5434502927,572.4730089012892,2813.7568927242673,0.6334926727615319,0.001495000189643867,2.5249922008230126,14.092783038142343,3.289181334424547e-08,0.007378849376649614,0.007378882268462958
0.00015000000000000001,1955612.2975629938,572.473320831624,2813.757199168328,0.6334932050052062,0.0015303574267496736,2.5249967729660034,14.092802412643813,3.534047590696067e-08,0.0073788469279870515,0.007378882268462958
0.00016,1955616.2313561798,572.4736475147449,2813.757520456573,0.6334937629208568,0.0015657146781468856,2.525001563782331,14.092822718786199,3.790775483134451e-08,0.007378844360708127,0.007378882268462958
0.00017,1955620.3490308134,572.4739892916195,2813.7578569401876,0.6334943471133311,0.0016010719445436919,2.5250065783807867,14.092843978446098,4.059645671076908e-08,0.007378841672006247,0.007378882268462958
0.00018,1955624.6547879651,572.474346503227,2813.7582089703683,0.6334949581875025,0.0016364292266653918,2.52501182187028,14.092866213500363,4.340938826146513e-08,0.007378838859074697,0.007378882268462958
0.00019,1955629.1528288187,572.474719490558,2813.758576898324,0.6334955967482724,0.0016717865252543966,2.525017299359842,14.092889445826108,4.6349356328324695e-08,0.00737883591910663,0.007378882268462958
0.0002,1955633.8473546752,572.4751085946158,2813.758961075275,0.6334962634005687,0.0017071438410702308,2.5250230159586327,14.092913697300707,4.941916789083771e-08,0.0073788328492950675,0.007378882268462958
0.00021,1955638.7425669595,572.4755141564167,2813.7593618524543,0.6334969587493513,0.0017425011748895315,2.5250289767759444,14.092938989801828,5.2621630069162815e-08,0.007378829646832889,0.007378882268462958
0.00022,1955643.8426672246,572.4759365169904,2813.7597795811093,0.6334976833996091,0.0017778585275060508,2.5250351869212113,14.092965345207423,5.5959550130331995e-08,0.007378826308912828,0.007378882268462958
0.00023,1955649.1518571582,572.4763760173806,2813.7602146125,0.6334984379563645,0.001813215899730656,2.525041651504012,14.092992785395756,5.9435735494589766e-08,0.0073788228327274635,0.007378882268462958
0.00024,1955654.6743385876,572.4768329986458,2813.7606672979023,0.633499223024673,0.0018485732923913306,2.5250483756340762,14.09302133224542,6.305299374186601e-08,0.007378819215469216,0.007378882268462958
0.00025,1955660.4143134854,572.4773078018596,2813.7611379886052,0.6335000392096253,0.0018839307063331751,2.525055364421294,14.093051007635339,6.68141326183833e-08,0.00737881545433034,0.007378882268462958
0.00026000000000000003,1955666.375983976,572.4778007681116,2813.761627035916,0.6335008871163487,0.0019192881424184088,2.525062622975718,14.093081833444785,7.072196004339832e-08,0.007378811546502915,0.007378882268462958
0.00027000000000000006,1955672.5635523407,572.4783122385077,2813.762134791155,0.6335017673500081,0.00195464560152637,2.5250701564075726,14.093113831553385,7.477928411607735e-08,0.007378807489178842,0.007378882268462958
0.0002800000000000001,1955678.9812210246,572.4788425541707,2813.762661605663,0.6335026805158082,0.001990003084553518,2.5250779698272594,14.093147023841173,7.89889131225062e-08,0.007378803279549836,0.007378882268462958
0.0002900000000000001,1955685.6331926421,572.4793920562414,2813.763207830796,0.6335036272189934,0.0020253605924134338,2.5250860683453635,14.093181432188546,8.335365554283415e-08,0.007378798914807415,0.007378882268462958
0.00030000000000000014,1955692.5236699837,572.4799610858792,2813.7637738179287,0.6335046080648519,0.002060718126036821,2.525094457072663,14.09321707847632,8.787632005855233e-08,0.0073787943921429,0.007378882268462958
0.00031000000000000016,1955699.6568560225,572.480549984262,2813.7643599184557,0.6335056236587149,0.002096075686371508,2.525103141120132,14.093253984585731,9.255971555990638e-08,0.007378789708747399,0.007378882268462958
0.0003200000000000002,1955707.0369539203,572.4811590925879,2813.76496648379,0.6335066746059598,0.002131433274382448,2.5251121255989517,14.093292172398463,9.74066511534432e-08,0.007378784861811804,0.007378882268462958
0.0003300000000000002,1955714.6681670346,572.481788752075,2813.7655938653656,0.6335077615120108,0.002166790891051722,2.5251214156205153,14.093331663796647,1.0241993616969246e-07,0.007378779848526789,0.007378882268462958
0.00034000000000000024,1955722.5546989252,572.4824393039627,2813.7662424146374,0.6335088849823405,0.002202148537378539,2.5251310162964344,14.093372480662888,1.0760238017098214e-07,0.007378774666082787,0.007378882268462958
0.00035000000000000027,1955730.7007533615,572.4831110895121,2813.766912483082,0.6335100456224722,0.0022375062143792377,2.5251409327385494,14.093414644880278,1.1295679295938857e-07,0.007378769311669999,0.007378882268462958
0.0003600000000000003,1955739.1105343287,572.4838044500071,2813.7676044221976,0.6335112440379812,0.0022728639230872884,2.5251511700589364,14.09345817833241,1.1848598458482102e-07,0.007378763782478374,0.007378882268462958
0.0003700000000000003,1955747.7882460358,572.4845197267547,2813.7683185835076,0.6335124808344973,0.0023082216645532944,2.5251617333699112,14.093503102903398,1.2419276535324072e-07,0.007378758075697605,0.007378882268462958
0.00038000000000000035,1955756.7380929224,572.4852572610856,2813.7690553185575,0.6335137566177051,0.0023435794398449935,2.525172627784044,14.093549440477904,1.3007994583501402e-07,0.0073787521885171235,0.007378882268462958
0.00039000000000000037,1955765.964279666,572.4860173943558,2813.7698149789185,0.6335150719933467,0.002378937250047259,2.525183858414161,14.093597212941136,1.3615033687340094e-07,0.007378746118126085,0.007378882268462958
0.0004000000000000004,1955775.47101119,572.4868004679466,2813.7705979161865,0.6335164275672234,0.002414295096262104,2.5251954303733557,14.093646442178876,1.424067495931772e-07,0.007378739861713365,0.007378882268462958
0.0004100000000000004,1955785.2624926704,572.4876068232655,2813.771404481985,0.633517823945198,0.0024496529796086794,2.525207348774996,14.09369715007751,1.4885199540939188e-07,0.007378733416467549,0.007378882268462958
0.00042000000000000045,1955795.3429295446,572.4884368017474,2813.7722350279637,0.633519261733195,0.002485010901223279,2.525219618732735,14.093749358524015,1.5548888603625884e-07,0.007378726779576922,0.007378882268462958
0.0004300000000000005,1955805.7165275181,572.4892907448547,2813.7730899058,0.633520741537205,0.0025203688622593397,2.525232245360516,14.09380308940602,1.6232023349618373e-07,0.007378719948229462,0.007378882268462958
0.0004400000000000005,1955816.3874925731,572.4901689940789,2813.7739694672005,0.6335222639632843,0.002555726863887444,2.525245233772583,14.093858364611776,1.6934885012892482e-07,0.007378712919612829,0.007378882268462958
0.00045000000000000053,1955827.3600309768,572.491071890941,2813.7748740639013,0.633523829617558,0.0025910849072953218,2.5252585890834895,14.093915206030225,1.765775486008893e-07,0.007378705690914357,0.007378882268462958
0.00046000000000000056,1955838.6383492888,572.4919997769923,2813.775804047669,0.6335254391062226,0.0026264429936878526,2.5252723164081066,14.093973635550988,1.8400914191456376e-07,0.007378698259321043,0.007378882268462958
0.0004700000000000006,1955850.22665437,572.4929529938155,2813.7767597703023,0.6335270930355459,0.0026618011242870673,2.525286420861633,14.094033675064383,1.9164644341808028e-07,0.00737869062201954,0.007378882268462958
0.0004800000000000006,1955862.129153391,572.4939318830251,2813.77774158363,0.6335287920118713,0.0026971593003321517,2.525300907559604,14.09409534646147,1.9949226681491675e-07,0.007378682776196143,0.007378882268462958
0.0004900000000000006,1955874.3500538403,572.4949367862689,2813.778749839516,0.633530536641618,0.002732517523079447,2.5253157816178997,14.094158671634053,2.0754942617373253e-07,0.007378674719036784,0.007378882268462958
0.0005000000000000007,1955886.8935635327,572.4959680452287,2813.779784889857,0.6335323275312849,0.0027678757938024525,2.525331048152754,14.094223672474694,2.1582073593833879e-07,0.00737866644772702,0.007378882268462958
0.0005100000000000007,1955899.763890619,572.4970260016206,2813.7808470865857,0.6335341652874512,0.0028032341137918296,2.525346712280768,14.094290370876754,2.243090109378041e-07,0.007378657959452021,0.007378882268462958
0.0005200000000000007,1955912.9652435938,572.4981109971968,2813.781936781669,0.6335360505167795,0.0028385924843554026,2.525362779118915,14.0943587887344,2.330170663966952e-07,0.007378649251396562,0.007378882268462958
0.0005300000000000007,1955926.5018313054,572.4992233737461,2813.783054327113,0.6335379838260168,0.002873950906818161,2.5253792537845507,14.094428947942633,2.419477179454529e-07,0.007378640320745013,0.007378882268462958
0.0005400000000000008,1955940.3778629645,572.5003634730947,2813.784200074959,0.6335399658219987,0.002909309382522264,2.5253961413954276,14.094500870397304,2.5110378163090214e-07,0.007378631164681328,0.007378882268462958
0.0005500000000000008,1955954.5975481533,572.5015316371073,2813.7853743772876,0.6335419971116496,0.0029446679128270407,2.5254134470697003,14.094574577995147,2.604880739268996e-07,0.007378621780389031,0.007378882268462958
0.0005600000000000008,1955969.1650968348,572.5027282076882,2813.7865775862206,0.6335440783019857,0.002980026499108995,2.5254311759259362,14.094650092633787,2.701034117451142e-07,0.007378612165051213,0.007378882268462958
0.0005700000000000008,1955984.0847193627,572.5039535267821,2813.7878100539187,0.6335462100001179,0.0030153851427618065,2.525449333083129,14.094727436211768,2.799526124459441e-07,0.007378602315850512,0.007378882268462958
0.0005800000000000009,1955999.3606264903,572.505207936375,2813.7890721325857,0.6335483928132533,0.0030507438451963355,2.525467923660705,14.094806630628588,2.9003849384956955e-07,0.007378592229969109,0.007378882268462958
0.0005900000000000009,1956014.997029381,572.5064917784954,2813.7903641744665,0.6335506273486977,0.003086102607840624,2.5254869527785364,14.094887697784701,3.003638742471399e-07,0.007378581904588711,0.007378882268462958
0.0006000000000000009,1956030.9981396175,572.5078053952151,2813.7916865318502,0.6335529142138581,0.0031214614321398997,2.5255064255569515,14.094970659581563,3.109315724120975e-07,0.007378571336890546,0.007378882268462958
0.000610000000000001,1956047.3681692118,572.5091491286505,2813.7930395570716,0.6335552540162451,0.0031568203195565785,2.5255263471167435,14.095055537921628,3.2174440761163637e-07,0.007378560524055347,0.007378882268462958
0.000620000000000001,1956064.1113306154,572.5105233209636,2813.79442360251,0.6335576473634759,0.0031921792715702683,2.525546722579184,14.095142354708402,3.328051996182966e-07,0.00737854946326334,0.007378882268462958
0.000630000000000001,1956081.2318367295,572.5119283143624,2813.7958390205927,0.6335600948632751,0.0032275382896777716,2.525567557066033,14.09523113184645,3.441167687216948e-07,0.007378538151694237,0.007378882268462958
0.000640000000000001,1956098.733900915,572.5133644511031,2813.7972861637936,0.6335625971234793,0.0032628973753930897,2.5255888556995503,14.095321891241422,3.556819357403904e-07,0.007378526586527218,0.007378882268462958
0.0006500000000000011,1956116.6217370029,572.5148320734902,2813.798765384636,0.6335651547520381,0.003298256530247425,2.5256106236025055,14.095414654800075,3.6750352203388756e-07,0.007378514764940924,0.007378882268462958
0.0006600000000000011,1956134.8995593053,572.5163315238779,2813.800277035695,0.6335677683570168,0.0033336157557891846,2.52563286589819,14.095509444430315,3.7958434951477275e-07,0.007378502684113443,0.007378882268462958
0.0006700000000000011,1956153.5715826256,572.517863144671,2813.8018214695944,0.6335704385466,0.003368975053583985,2.5256555877104323,14.095606282041206,3.919272406609886e-07,0.0073784903412222975,0.007378882268462958
0.0006800000000000011,1956172.6420222693,572.5194272783268,2813.8033990390113,0.6335731659290925,0.003404334425214655,2.5256787941636016,14.095705189542993,4.045350185282451e-07,0.00737847773344443,0.007378882268462958
0.0006900000000000012,1956192.1150940545,572.5210242673552,2813.8050100966766,0.6335759511129245,0.003439693872281238,2.5257024903826277,14.095806188847146,4.1741050676256376e-07,0.007378464857956196,0.007378882268462958
0.0007000000000000012,1956211.9950143239,572.5226544543203,2813.806654995376,0.6335787947066505,0.003475053396400998,2.5257266814930075,14.095909301866365,4.3055652961296187e-07,0.007378451711933345,0.007378882268462958
0.0007100000000000012,1956232.2859999547,572.5243181818416,2813.8083340879502,0.633581697318956,0.0035104129992084227,2.525751372620821,14.096014550514631,4.4397591194427e-07,0.007378438292551014,0.007378882268462958
0.0007200000000000012,1956252.9922683705,572.5260157925949,2813.810047727297,0.6335846595586578,0.0035457726823552266,2.5257765688927396,14.096121956707211,4.576714792500879e-07,0.007378424596983708,0.007378882268462958
0.0007300000000000013,1956274.1180375526,572.5277476293136,2813.8117962663728,0.6335876820347065,0.0035811324475103564,2.525802275436042,14.096231542360691,4.716460576658754e-07,0.007378410622405292,0.007378882268462958
0.0007400000000000013,1956295.6675260512,572.52951403479,2813.813580058193,0.6335907653561911,0.0036164922963599936,2.5258284973786234,14.09634332939301,4.859024739821813e-07,0.007378396365988976,0.007378882268462958
0.0007500000000000013,1956317.644952997,572.5313153518764,2813.815399455834,0.6335939101323402,0.00365185223060756,2.5258552398490104,14.096457339723484,5.004435556580076e-07,0.0073783818249073,0.007378882268462958
0.0007600000000000013,1956340.0545381135,572.5331519234861,2813.817254812433,0.6335971169725261,0.0036872122519737214,2.5258825079763727,14.09657359527283,5.152721308343109e-07,0.007378366996332124,0.007378882268462958
0.0007700000000000014,1956362.9005017274,572.5350240925949,2813.8191464811907,0.6336003864862659,0.0037225723621963917,2.5259103068905375,14.0966921179632,5.303910283476415e-07,0.00737835187743461,0.007378882268462958
0.0007800000000000014,1956386.1870647818,572.5369322022422,2813.821074815373,0.6336037192832263,0.0037579325630307378,2.5259386417219982,14.096812929718205,5.458030777439183e-07,0.007378336465385214,0.007378882268462958
0.0007900000000000014,1956409.918448848,572.5388765955321,2813.8230401683095,0.6336071159732254,0.0037932928562491837,2.5259675176019325,14.096936052462949,5.615111092923405e-07,0.007378320757353666,0.007378882268462958
0.0008000000000000014,1956434.0988761368,572.540857615635,2813.825042893398,0.6336105771662357,0.003828653243641416,2.525996939662212,14.097061508124057,5.775179539994381e-07,0.007378304750508959,0.007378882268462958
0.0008100000000000015,1956458.7325695122,572.5428756057885,2813.8270833441043,0.6336141034723878,0.0038640137270143883,2.5260269130354183,14.097189318629699,5.938264436232575e-07,0.007378288442019335,0.007378882268462958
0.0008200000000000015,1956483.8237525027,572.5449309092988,2813.829161873962,0.6336176955019717,0.0038993743081923247,2.5260574428548543,14.097319505909619,6.104394106876861e-07,0.007378271829052271,0.007378882268462958
0.0008300000000000015,1956509.3766493136,572.5470238695423,2813.831278836578,0.6336213538654429,0.003934734989016727,2.5260885342545585,14.097452091895176,6.273596884969134e-07,0.007378254908774461,0.007378882268462958
0.0008400000000000016,1956535.395484841,572.5491548299661,2813.8334345856288,0.6336250791734219,0.003970095771346376,2.5261201923693184,14.097587098519371,6.445901111500295e-07,0.007378237678351808,0.007378882268462958
0.0008500000000000016,1956561.884484683,572.5513241340902,2813.835629474865,0.6336288720366997,0.004005456657057343,2.5261524223346856,14.097724547716863,6.621335135557615e-07,0.007378220134949403,0.007378882268462958
0.0008600000000000016,1956588.8478751534,572.5535321255084,2813.837863858113,0.6336327330662401,0.004040817648042987,2.526185229286987,14.097864461424015,6.799927314473477e-07,0.007378202275731511,0.007378882268462958
0.0008700000000000016,1956616.2898832946,572.5557791478893,2813.8401380892738,0.6336366628731828,0.004076178746213966,2.5262186183633433,14.098006861578927,6.9817060139755e-07,0.00737818409786156,0.007378882268462958
0.0008800000000000017,1956644.2147368907,572.5580655449786,2813.8424525223263,0.6336406620688464,0.004111539953498241,2.5262525947016785,14.098151770121456,7.166699608338036e-07,0.0073781655985021245,0.007378882268462958
0.0008900000000000017,1956672.6266644804,572.5603916605993,2813.8448075113283,0.6336447312647329,0.00414690127184108,2.526287163440737,14.09829920899325,7.354936480535038e-07,0.007378146774814904,0.007378882268462958
0.0009000000000000017,1956701.5298953706,572.5627578386541,2813.8472034104175,0.633648871072529,0.004182262703205064,2.526322329720098,14.098449200137782,7.546445022394337e-07,0.007378127623960719,0.007378882268462958
0.0009100000000000017,1956730.9286596498,572.5651644231259,2813.8496405738138,0.6336530821041106,0.0042176242495700934,2.5263580986801886,14.098601765500398,7.741253634753279e-07,0.007378108143099483,0.007378882268462958
0.0009200000000000018,1956760.8271882017,572.56761175808,2813.85211935582,0.6336573649715458,0.004252985912933395,2.5263944754622996,14.098756927028314,7.939390727615746e-07,0.007378088329390197,0.007378882268462958
0.0009300000000000018,1956791.2297127189,572.5701001876649,2813.8546401108224,0.6336617202870984,0.004288347695309523,2.526431465208601,14.098914706670682,8.140884720310574e-07,0.007378068179990927,0.007378882268462958
0.0009400000000000018,1956822.1404657164,572.572630056114,2813.857203193295,0.6336661486632306,0.004323709598730372,2.526469073062155,14.099075126378603,8.345764041651353e-07,0.0073780476920587935,0.007378882268462958
0.0009500000000000018,1956853.5636805461,572.5752017077468,2813.8598089577977,0.6336706507126075,0.004359071625245177,2.526507304166933,14.099238208105175,8.554057130097609e-07,0.007378026862749948,0.007378882268462958
0.0009600000000000019,1956885.5035914106,572.577815486971,2813.8624577589794,0.633675227048099,0.004394433776920522,2.526546163667831,14.099403973805511,8.765792433917383e-07,0.007378005689219567,0.007378882268462958
0.0009700000000000019,1956917.964433377,572.5804717382829,2813.8651499515804,0.6336798782827854,0.0044297960558403494,2.526585656710682,14.099572445436786,8.980998411351201e-07,0.007377984168621823,0.007378882268462958
0.000980000000000002,1956950.9504423914,572.5831708062698,2813.8678858904314,0.633684605029958,0.004465158464105959,2.526625788442276,14.099743644958266,9.199703530777419e-07,0.007377962298109881,0.007378882268462958
0.000990000000000002,1956984.465855294,572.585913035611,2813.870665930458,0.6336894079031256,0.004500521003836021,2.526666564010371,14.099917594331338,9.421936270878977e-07,0.0073779400748358705,0.007378882268462958
0.001000000000000002,1957018.5149098323,572.5886987710796,2813.8734904266794,0.633694287516016,0.004535883677166582,2.5267079885637114,14.100094315519554,9.647725120811552e-07,0.007377917495950877,0.007378882268462958
0.001010000000000002,1957053.101844677,572.5915283575436,2813.876359734212,0.6336992444825799,0.004571246486251065,2.5267500672520455,14.100273830488657,9.877098580373085e-07,0.007377894558604921,0.007378882268462958
0.001020000000000002,1957088.2308994362,572.5944021399675,2813.87927420827,0.6337042794169949,0.004606609433260286,2.5267928052261377,14.100456161206626,1.0110085160174717e-06,0.007377871259946941,0.007378882268462958
0.001030000000000002,1957123.9063146699,572.5973204634146,2813.8822342041667,0.6337093929336696,0.004641972520382456,2.5268362076377873,14.1006413296437,1.0346713381813146e-06,0.007377847597124777,0.007378882268462958
0.001040000000000002,1957160.132331906,572.6002836730473,2813.885240077317,0.6337145856472458,0.0046773357498231865,2.526880279639843,14.10082935777242,1.0587011778044332e-06,0.007377823567285154,0.007378882268462958
0.001050000000000002,1957196.913193654,572.6032921141294,2813.8882921832387,0.6337198581726038,0.004712699123805499,2.5269250263862206,14.101020267567675,1.083100889295865e-06,0.007377799167573662,0.007378882268462958
0.0010600000000000021,1957234.2531434223,572.6063461320279,2813.8913908775535,0.633725211124864,0.004748062644569831,2.5269704530319195,14.101214081006717,1.107873328215742e-06,0.007377774395134743,0.007378882268462958
0.0010700000000000022,1957272.1564257313,572.6094460722137,2813.894536515989,0.6337306451193934,0.004783426314374046,2.5270165647330396,14.101410820069209,1.1330213512930853e-06,0.007377749247111665,0.007378882268462958
0.0010800000000000022,1957310.62728613,572.6125922802643,2813.89772945438,0.6337361607718074,0.004818790135493438,2.527063366646796,14.101610506737261,1.1585478164437426e-06,0.007377723720646515,0.007378882268462958
0.0010900000000000022,1957349.6699712125,572.6157851018642,2813.900970048672,0.633741758697974,0.004854154110220742,2.5271108639315387,14.101813162995482,1.184455582788458e-06,0.00737769781288017,0.007378882268462958
0.0011000000000000022,1957389.2887286316,572.6190248828077,2813.9042586549203,0.6337474395140176,0.004889518240866136,2.5271590617467674,14.102018810830986,1.2107475106710941e-06,0.007377671520952287,0.007378882268462958
0.0011100000000000023,1957429.4878071165,572.6223119689997,2813.9075956292922,0.6337532038363236,0.0049248825297572565,2.527207965253151,14.102227472233453,1.237426461676986e-06,0.007377644842001281,0.007378882268462958
0.0011200000000000023,1957470.271456488,572.6256467064576,2813.9109813280697,0.6337590522815415,0.0049602469792392025,2.5272575796125425,14.102439169195168,1.2644952986514433e-06,0.007377617773164306,0.007378882268462958
0.0011300000000000023,1957511.6439276745,572.6290294413129,2813.9144161076515,0.6337649854665882,0.004995611591674542,2.5273079099879987,14.102653923711049,1.2919568857183878e-06,0.0073775903115772395,0.007378882268462958
0.0011400000000000023,1957553.6094727286,572.6324605198133,2813.9179003245526,0.6337710040086538,0.005030976369443324,2.527358961543795,14.102871757778685,1.3198140882991357e-06,0.007377562454374659,0.007378882268462958
0.0011500000000000024,1957596.172344843,572.6359402883237,2813.921434335408,0.6337771085252041,0.005066341314943085,2.527410739445446,14.103092693398377,1.3480697731313219e-06,0.007377534198689827,0.007378882268462958
0.0011600000000000024,1957639.3367983673,572.6394690933284,2813.9250184969737,0.633783299633985,0.005101706430588855,2.5274632488597226,14.103316752573189,1.376726808287966e-06,0.00737750554165467,0.007378882268462958
0.0011700000000000024,1957683.1070888245,572.6430472814326,2813.9286531661282,0.6337895779530272,0.005137071718813171,2.5275164949546682,14.10354395730897,1.4057880631966766e-06,0.007377476480399762,0.007378882268462958
0.0011800000000000024,1957727.4874729277,572.6466751993642,2813.932338699876,0.6337959441006484,0.005172437182066083,2.5275704828996184,14.103774329614403,1.4352564086590068e-06,0.007377447012054299,0.007378882268462958
0.0011900000000000025,1957772.4822085965,572.6503531939752,2813.9360754553454,0.6338023986954604,0.0052078028228151624,2.527625217865219,14.104007891501048,1.4651347168699394e-06,0.007377417133746089,0.007378882268462958
0.0012000000000000025,1957818.0955549749,572.6540816122442,2813.939863789795,0.6338089423563704,0.0052431686435455115,2.527680705023445,14.104244664983366,1.4954258614375287e-06,0.00737738684260152,0.007378882268462958
0.0012100000000000025,1957864.331772447,572.6578608012774,2813.9437040606117,0.6338155757025865,0.005278534646759773,2.5277369495476174,14.104484672078783,1.5261327174026726e-06,0.007377356135745555,0.007378882268462958
0.0012200000000000025,1957911.195122656,572.6616911083107,2813.947596625316,0.6338222993536214,0.005313900834978139,2.527793956612423,14.10472793480771,1.5572581612590378e-06,0.007377325010301699,0.007378882268462958
0.0012300000000000026,1957958.6898685193,572.6655728807115,2813.9515418415604,0.6338291139292979,0.0053492672107383595,2.5278517313939326,14.104974475193607,1.5888050709731192e-06,0.007377293463391985,0.007378882268462958
0.0012400000000000026,1958006.8202742478,572.6695064659802,2813.955540067133,0.6338360200497505,0.0053846337765957545,2.527910279069622,14.105224315262992,1.6207763260044515e-06,0.007377261492136954,0.007378882268462958
0.0012500000000000026,1958055.5906053628,572.6734922117529,2813.9595916599596,0.6338430183354329,0.0054200005351232195,2.527969604818387,14.105477477045513,1.653174807325959e-06,0.007377229093655633,0.007378882268462958
0.0012600000000000027,1958105.0051287133,572.677530465802,2813.9636969781054,0.6338501094071202,0.005455367488911239,2.528029713820566,14.105733982573968,1.6860033974444466e-06,0.007377196265065514,0.007378882268462958
0.0012700000000000027,1958155.0681124944,572.6816215760387,2813.967856379776,0.6338572938859138,0.005490734640567894,2.528090611257958,14.105993853884373,1.7192649804212443e-06,0.007377163003482537,0.007378882268462958
0.0012800000000000027,1958205.7838262648,572.6857658905149,2813.97207022332,0.6338645723932457,0.005526101992718873,2.5281523023138424,14.106257113015976,1.7529624418929864e-06,0.007377129306021065,0.007378882268462958
0.0012900000000000027,1958257.1565409647,572.6899637574248,2813.9763388672304,0.6338719455508829,0.005561469548007483,2.528214792172998,14.106523782011317,1.7870986690925391e-06,0.007377095169793866,0.007378882268462958
0.0013000000000000028,1958309.190528935,572.6942155251072,2813.9806626701475,0.6338794139809322,0.0055968373090946565,2.5282780860217224,14.10679388291626,1.821676550870076e-06,0.007377060591912088,0.007378882268462958
0.0013100000000000028,1958361.8900639343,572.6985215420469,2813.9850419908607,0.6338869783058446,0.005632205278658966,2.5283421890478532,14.107067437780051,1.8566989777142884e-06,0.007377025569485244,0.007378882268462958
0.0013200000000000028,1958415.2594211579,572.7028821568769,2813.9894771883082,0.6338946391484199,0.005667573459396632,2.528407106440788,14.107344468655343,1.892168841773753e-06,0.0073769900996211845,0.007378882268462958
0.0013300000000000028,1958469.3028772564,572.7072977183799,2813.9939686215835,0.6339023971318097,0.005702941854021535,2.5284728433915005,14.107624997598265,1.9280890368784374e-06,0.00737695417942608,0.007378882268462958
0.0013400000000000029,1958524.0247103546,572.7117685754909,2813.9985166499314,0.6339102528795248,0.005738310465265226,2.5285394050925674,14.10790904666844,1.9644624585613503e-06,0.007376917806004397,0.007378882268462958
0.0013500000000000029,1958579.4292000695,572.7162950772986,2814.0031216327557,0.6339182070154373,0.005773679295876934,2.5286067967381833,14.10819663792904,2.001292004080346e-06,0.007376880976458878,0.007378882268462958
0.001360000000000003,1958635.52062753,572.7208775730478,2814.0077839296177,0.6339262601637863,0.005809048348623585,2.5286750235241837,14.108487793446837,2.038580572440062e-06,0.007376843687890518,0.007378882268462958
0.001370000000000003,1958692.3032753954,572.7255164121407,2814.0125039002396,0.6339344129491828,0.005844417626289805,2.5287440906480643,14.108782535292239,2.076331064414012e-06,0.007376805937398544,0.007378882268462958
0.001380000000000003,1958749.781427875,572.7302119441396,2814.017281904505,0.6339426659966138,0.005879787131677936,2.5288140033090034,14.109080885539342,2.1145463825668257e-06,0.007376767722080391,0.007378882268462958
0.001390000000000003,1958807.9593707467,572.7349645187686,2814.0221183024637,0.6339510199314472,0.0059151568676080474,2.5288847667078813,14.10938286626596,2.153229431276628e-06,0.007376729039031682,0.007378882268462958
0.001400000000000003,1958866.8413913778,572.7397744859154,2814.0270134543316,0.6339594753794372,0.005950526836917945,2.528956386047302,14.1096884995537,2.1923831167575745e-06,0.0073766898853462005,0.007378882268462958
0.001410000000000003,1958926.431778743,572.7446421956338,2814.031967720493,0.6339680329667278,0.005985897042463186,2.5290288665316147,14.109997807487977,2.2320103470825242e-06,0.007376650258115876,0.007378882268462958
0.001420000000000003,1958986.7348234444,572.749567998145,2814.036981461503,0.6339766933198591,0.006021267487117089,2.529102213366933,14.110310812158081,2.27211403220587e-06,0.0073766101544307525,0.007378882268462958
0.001430000000000003,1959047.7548177324,572.7545522438406,2814.0420550380895,0.6339854570657707,0.006056638173770747,2.52917643176116,14.110627535657214,2.3126970839865054e-06,0.007376569571378971,0.007378882268462958
0.0014400000000000031,1959109.496055524,572.7595952832838,2814.047188811156,0.6339943248318078,0.006092009105333039,2.529251526924006,14.110948000082539,2.3537624162109517e-06,0.007376528506046747,0.007378882268462958
0.0014500000000000032,1959171.9628324246,572.7646974672122,2814.0523831417822,0.6340032972457254,0.006127380284730642,2.5293275040670147,14.111272227535231,2.395312944616622e-06,0.007376486955518341,0.007378882268462958
0.0014600000000000032,1959235.159445746,572.769859146539,2814.0576383912285,0.6340123749356937,0.006162751714908046,2.5294043684035783,14.111600240120518,2.4373515869152416e-06,0.007376444916876043,0.007378882268462958
0.0014700000000000032,1959299.0901945294,572.7750806723561,2814.062954920935,0.634021558530303,0.006198123398827564,2.5294821251489674,14.11193205994773,2.4798812628164125e-06,0.0073764023872001415,0.007378882268462958
0.0014800000000000032,1959363.759379563,572.7803623959356,2814.0683330925267,0.6340308486585678,0.006233495339469345,2.529560779520347,14.112267709130354,2.5229048940513295e-06,0.007376359363568907,0.007378882268462958
0.0014900000000000033,1959429.1713034043,572.7857046687321,2814.073773267814,0.634040245949934,0.006268867539831391,2.5296403367368008,14.112607209786072,2.5664254043966447e-06,0.007376315843058562,0.007378882268462958
0.0015000000000000033,1959495.3302704007,572.7911078423848,2814.079275808794,0.6340497510342817,0.0063042400029295655,2.5297208020193556,14.112950584036813,2.6104457196984773e-06,0.00737627182274326,0.007378882268462958
0.0015100000000000033,1959562.2405867097,572.7965722687196,2814.0848410776566,0.6340593645419316,0.006339612731797607,2.5298021805909996,14.11329785400881,2.654968767896586e-06,0.007376227299695061,0.007378882268462958
0.0015200000000000033,1959629.9065603202,572.8020982997515,2814.0904694367814,0.6340690871036495,0.0063749857294871475,2.529884477676709,14.11364904183264,2.6999974790486716e-06,0.00737618227098391,0.007378882268462958
0.0015300000000000034,1959698.3325010734,572.8076862876865,2814.096161248744,0.6340789193506522,0.006410358999067719,2.529967698503469,14.11400416964327,2.745534785354851e-06,0.007376136733677603,0.007378882268462958
0.0015400000000000034,1959767.522720684,572.8133365849241,2814.1019168763173,0.6340888619146127,0.006445732543626773,2.5300518483002956,14.114363259580111,2.7915836211822653e-06,0.007376090684841776,0.007378882268462958
0.0015500000000000034,1959837.4815327618,572.8190495440591,2814.107736682472,0.6340989154276642,0.006481106366269693,2.530136932298261,14.114726333787084,2.838146923089847e-06,0.0073760441215398685,0.007378882268462958
0.0015600000000000034,1959908.2132528324,572.8248255178844,2814.113621030381,0.6341090805224066,0.006516480470119807,2.5302229557305163,14.115093414412637,2.8852276298532392e-06,0.007375997040833105,0.007378882268462958
0.0015700000000000035,1959979.72219836,572.8306648593926,2814.119570283421,0.6341193578319121,0.006551854858318403,2.5303099238323123,14.11546452360982,2.9328286824898618e-06,0.007375949439780469,0.007378882268462958
0.0015800000000000035,1960052.0126887676,572.8365679217789,2814.1255848051746,0.6341297479897293,0.0065872295340247446,2.530397841841027,14.115839683536336,2.98095302428413e-06,0.007375901315438674,0.007378882268462958
0.0015900000000000035,1960125.0890454606,572.8425350584425,2814.1316649594323,0.6341402516298894,0.006622604500416083,2.530486714996186,14.11621891635458,3.0296036008128316e-06,0.007375852664862146,0.007378882268462958
0.0016000000000000035,1960198.9555918467,572.84856662299,2814.137811110196,0.6341508693869117,0.006657979760687676,2.5305765485394875,14.11660224423169,3.0787833599706468e-06,0.0073758034851029875,0.007378882268462958
0.0016100000000000036,1960273.61665336,572.8546629692369,2814.14402362168,0.6341616018958078,0.0066933553180527966,2.530667347714826,14.116989689339611,3.1284952519958287e-06,0.007375753773210963,0.007378882268462958
0.0016200000000000036,1960349.0765574817,572.86082445121,2814.1503028583143,0.6341724497920902,0.0067287311757427545,2.5307591177683175,14.117381273855138,3.178742229496032e-06,0.007375703526233462,0.007378882268462958
0.0016300000000000036,1960425.339633763,572.86705142315,2814.1566491847466,0.634183413711774,0.006764107337006907,2.5308518639483206,14.117777019959963,3.2295272474743003e-06,0.007375652741215484,0.007378882268462958
0.0016400000000000037,1960502.4102138483,572.8733442395135,2814.163062965845,0.6341944942913843,0.006799483805112677,2.5309455915054637,14.11817694984075,3.280853263355195e-06,0.007375601415199603,0.007378882268462958
0.0016500000000000037,1960580.2926314964,572.8797032549758,2814.169544566699,0.6342056921679626,0.00683486058334557,2.5310403056926694,14.118581085689154,3.3327232370111e-06,0.007375549545225947,0.007378882268462958
0.0016600000000000037,1960658.9912226044,572.886128824433,2814.176094352625,0.6342170079790707,0.0068702376750091835,2.5311360117651764,14.118989449701896,3.3851401307886585e-06,0.0073754971283321695,0.007378882268462958
0.0016700000000000037,1960738.51032523,572.8926213030041,2814.1827126891662,0.634228442362798,0.00690561508342523,2.531232714980567,14.119402064080818,3.4381069095353766e-06,0.007375444161553423,0.007378882268462958
0.0016800000000000038,1960818.8542796145,572.8991810460342,2814.1893999420945,0.6342399959577656,0.00694099281193355,2.531330420598791,14.119818951032924,3.491626540626375e-06,0.007375390641922332,0.007378882268462958
0.0016900000000000038,1960900.0274282063,572.9058084090957,2814.1961564774156,0.6342516694031335,0.006976370863892129,2.5314291338821895,14.120240132770443,3.54570199399131e-06,0.007375336566468967,0.007378882268462958
0.0017000000000000038,1960982.034115684,572.912503747992,2814.202982661369,0.6342634633386047,0.007011749242677113,2.5315288600955235,14.120665631510873,3.600336242141428e-06,0.007375281932220817,0.007378882268462958
0.0017100000000000038,1961064.8786889797,572.9192674187592,2814.2098788604317,0.6342753784044333,0.0070471279516828265,2.5316296045059943,14.12109546947705,3.6555322601968006e-06,0.007375226736202761,0.007378882268462958
0.0017200000000000039,1961148.5654973025,572.9260997776688,2814.216845441322,0.6342874152414282,0.007082506994321789,2.5317313723832724,14.12152966889718,3.7112930259136935e-06,0.007375170975437045,0.007378882268462958
0.0017300000000000039,1961233.098892162,572.9330011812298,2814.223882770999,0.6342995744909603,0.007117886374024731,2.5318341689995223,14.12196825200493,3.7676215197121073e-06,0.007375114646943246,0.007378882268462958
0.001740000000000004,1961318.4832273934,572.9399719861916,2814.2309912166666,0.6343118567949669,0.007153266094240614,2.5319379996294282,14.12241124103944,3.8245207247034725e-06,0.007375057747738255,0.007378882268462958
0.001750000000000004,1961404.7228591791,572.9470125495467,2814.2381711457774,0.6343242627959594,0.007188646158436644,2.5320428695502195,14.122858658245407,3.881993626718497e-06,0.00737500027483624,0.007378882268462958
0.001760000000000004,1961491.8221460748,572.9541232285324,2814.2454229260334,0.6343367931370295,0.007224026570098293,2.532148784041696,14.123310525873135,3.940043214335181e-06,0.007374942225248623,0.007378882268462958
0.001770000000000004,1961579.7854490327,572.961304380634,2814.2527469253882,0.6343494484618525,0.007259407332729314,2.5322557483862567,14.123766866178585,3.998672478906968e-06,0.007374883595984052,0.007378882268462958
0.001780000000000004,1961668.6171314262,572.9685563635874,2814.260143512053,0.6343622294146957,0.007294788449851761,2.5323637678689224,14.124227701423434,4.0578844145910945e-06,0.007374824384048367,0.007378882268462958
0.001790000000000004,1961758.321559074,572.9758795353808,2814.267613054495,0.6343751366404246,0.007330169925006003,2.532472847777365,14.12469305387513,4.117682018377051e-06,0.007374764586444581,0.007378882268462958
0.001800000000000004,1961848.9031002657,572.9832742542587,2814.2751559214425,0.6343881707845074,0.007365551761750749,2.532582993401934,14.125162945806958,4.17806829011524e-06,0.007374704200172843,0.007378882268462958
0.001810000000000004,1961940.3661257846,572.990740878723,2814.2827724818867,0.6344013324930227,0.007400933963663061,2.5326942100356815,14.125637399498077,4.239046232545777e-06,0.007374643222230412,0.007378882268462958
0.0018200000000000041,1962032.7150089347,572.9982797675366,2814.290463105085,0.6344146224126649,0.007436316534338376,2.5328065029743883,14.126116437233602,4.300618851327452e-06,0.007374581649611631,0.007378882268462958
0.0018300000000000041,1962125.9541255643,573.0058912797255,2814.2982281605628,0.6344280411907502,0.007471699477390522,2.5329198775165946,14.126600081304636,4.362789155066854e-06,0.0073745194793078915,0.007378882268462958
0.0018400000000000042,1962220.087854092,573.0135757745816,2814.3060680181175,0.6344415894752242,0.0075070827964517405,2.533034338963624,14.127088354008354,4.425560155347661e-06,0.00737445670830761,0.007378882268462958
0.0018500000000000042,1962315.1205755312,573.0213336116657,2814.313983047819,0.6344552679146662,0.007542466495172703,2.533149892619612,14.127581277648032,4.4889348667600795e-06,0.007374393333596198,0.007378882268462958
0.0018600000000000042,1962411.0566735158,573.0291651508096,2814.321973620016,0.6344690771582976,0.00757785057722253,2.533266543791532,14.128078874533125,4.552916306930459e-06,0.007374329352156028,0.007378882268462958
0.0018700000000000043,1962507.9005343264,573.0370707521189,2814.330040105334,0.6344830178559868,0.007613235046288815,2.5333842977892256,14.128581166979338,4.617507496551055e-06,0.007374264760966407,0.007378882268462958
0.0018800000000000043,1962605.6565469152,573.045050775976,2814.3381828746824,0.634497090658256,0.007648619906077641,2.5335031599254276,14.129088177308637,4.682711459409976e-06,0.007374199557003548,0.007378882268462958
0.0018900000000000043,1962704.329102932,573.0531055830428,2814.3464022992557,0.6345112962162883,0.007684005160313598,2.5336231355157945,14.129599927849362,4.748531222421265e-06,0.007374133737240537,0.007378882268462958
0.0019000000000000043,1962803.92259675,573.0612355342627,2814.354698750534,0.6345256351819338,0.007719390812739811,2.5337442298789354,14.130116440936254,4.814969815655167e-06,0.007374067298647303,0.007378882268462958
0.0019100000000000044,1962904.4414254928,573.069440990864,2814.3630726002907,0.634540108207715,0.007754776867117952,2.533866448336434,14.130637738910526,4.882030272368555e-06,0.00737400023819059,0.007378882268462958
0.0019200000000000044,1963005.889989059,573.0777223143631,2814.37152422059,0.6345547159468352,0.007790163327228267,2.5339897962128832,14.131163844119909,4.949715629035508e-06,0.0073739325528339224,0.007378882268462958
0.0019300000000000044,1963108.2726901504,573.086079866566,2814.380053983794,0.6345694590531843,0.007825550196869594,2.53411427883591,14.131694778918739,5.018028925378075e-06,0.00737386423953758,0.007378882268462958
0.0019400000000000044,1963211.5939342973,573.0945140095722,2814.3886622625632,0.6345843381813454,0.007860937479859383,2.534239901536204,14.132230565667994,5.086973204397184e-06,0.007373795295258561,0.007378882268462958
0.0019500000000000045,1963315.8581298857,573.1030251057769,2814.3973494298593,0.6345993539866014,0.007896325180033721,2.5343666696475498,14.132771226735361,5.1565515124037325e-06,0.007373725716950555,0.007378882268462958
0.0019600000000000043,1963421.069688184,573.111613517874,2814.40611585895,0.634614507124941,0.00793171330124735,2.5344945885068495,14.133316784495296,5.226766899049835e-06,0.007373655501563908,0.007378882268462958
0.0019700000000000043,1963527.2330233692,573.1202796088592,2814.4149619234104,0.6346297982530686,0.00796710184737369,2.5346236634541577,14.13386726132909,5.297622417360233e-06,0.007373584646045598,0.007378882268462958
0.0019800000000000043,1963634.3525525555,573.1290237420322,2814.423887997125,0.6346452280284058,0.008002490822304859,2.534753899832708,14.134422679624928,5.369121123763889e-06,0.007373513147339195,0.007378882268462958
0.0019900000000000044,1963742.43269582,573.1378462810003,2814.4328944542935,0.6346607971091041,0.008037880229951702,2.5348853029889415,14.134983061777946,5.441266078125726e-06,0.0073734410023848325,0.007378882268462958
0.0020000000000000044,1963851.477876231,573.1467475896808,2814.4419816694303,0.6346765061540467,0.008073270074243804,2.53501787827254,14.135548430190292,5.514060343778558e-06,0.00737336820811918,0.007378882268462958
0.0020100000000000044,1963961.4925198755,573.1557280323038,2814.451150017371,0.6346923558228594,0.00810866035912952,2.5351516310364492,14.13611880727121,5.587506987555169e-06,0.007373294761475403,0.007378882268462958
0.0020200000000000044,1964072.481055886,573.164787973416,2814.460399873273,0.6347083467759141,0.00814405108857599,2.5352865666369153,14.13669421543706,5.66160907982057e-06,0.007373220659383137,0.007378882268462958
0.0020300000000000045,1964184.447916469,573.1739277778821,2814.4697316126185,0.6347244796743393,0.00817944226656917,2.5354226904335113,14.13727467711143,5.7363696945044244e-06,0.007373145898768454,0.007378882268462958
0.0020400000000000045,1964297.3975369332,573.1831478108894,2814.479145611219,0.6347407551800235,0.008214833897113851,2.535560007789166,14.137860214725157,5.8117919091336484e-06,0.007373070476553825,0.007378882268462958
0.0020500000000000045,1964411.3343557164,573.1924484379495,2814.4886422452164,0.6347571739556257,0.008250225984233686,2.5356985240701984,14.138450850716413,5.887878804865165e-06,0.007372994389658093,0.007378882268462958
0.0020600000000000045,1964526.262814415,573.2018300249018,2814.498221891088,0.6347737366645795,0.008285618531971205,2.5358382446463428,14.139046607530771,5.964633466518864e-06,0.00737291763499644,0.007378882268462958
0.0020700000000000046,1964642.1873578115,573.2112929379168,2814.507884925649,0.6347904439711028,0.008321011544387849,2.5359791748907843,14.139647507621245,6.042058982610674e-06,0.007372840209480347,0.007378882268462958
0.0020800000000000046,1964759.1124339036,573.2208375434985,2814.5176317260543,0.6348072965402032,0.008356405025563987,2.536121320180185,14.140253573448383,6.1201584453858805e-06,0.007372762110017572,0.007378882268462958
0.0020900000000000046,1964877.0424939324,573.2304642084879,2814.5274626698038,0.6348242950376861,0.008391798979598946,2.5362646858947193,14.14086482748031,6.1989349508525454e-06,0.007372683333512106,0.007378882268462958
0.0021000000000000046,1964995.9819924112,573.2401733000654,2814.5373781347425,0.6348414401301624,0.008427193410611029,2.5364092774181013,14.141481292192806,6.278391598815156e-06,0.007372603876864143,0.007378882268462958
0.0021100000000000047,1965115.9353871546,573.2499651857548,2814.5473784990677,0.6348587324850541,0.008462588322737545,2.5365551001376163,14.14210299006936,6.358531492908413e-06,0.00737252373697005,0.007378882268462958
0.0021200000000000047,1965236.9071393076,573.2598402334257,2814.5574641413277,0.6348761727706034,0.008497983720134833,2.536702159444155,14.142729943601235,6.439357740631204e-06,0.007372442910722327,0.007378882268462958
0.0021300000000000047,1965358.9017133748,573.2697988112968,2814.5676354404286,0.6348937616558791,0.00853337960697828,2.53685046073224,14.143362175287551,6.5208734533807505e-06,0.007372361395009577,0.007378882268462958
0.0021400000000000047,1965481.9235772497,573.2798412879389,2814.577892775636,0.6349114998107852,0.008568775987462363,2.537000009400064,14.143999707635333,6.603081746486926e-06,0.007372279186716471,0.007378882268462958
0.0021500000000000048,1965605.9772022443,573.2899680322781,2814.588236526577,0.6349293879060668,0.008604172865800655,2.537150810849514,14.144642563159577,6.685985739246769e-06,0.007372196282723712,0.007378882268462958
0.002160000000000005,1965731.0670631188,573.3001794135992,2814.5986670732464,0.6349474266133182,0.008639570246225865,2.5373028704862093,14.14529076438332,6.769588554959139e-06,0.007372112679907999,0.007378882268462958
0.002170000000000005,1965857.1976381112,573.3104758015484,2814.6091847960074,0.6349656166049914,0.008674968132989857,2.53745619371953,14.145944333837711,6.853893320959573e-06,0.007372028375141998,0.007378882268462958
0.002180000000000005,1965984.3734089674,573.3208575661367,2814.619790075595,0.634983958554403,0.008710366530363679,2.5376107859626513,14.146603294062073,6.938903168655321e-06,0.007371943365294303,0.007378882268462958
0.002190000000000005,1966112.5988609714,573.3313250777433,2814.630483293121,0.635002453135741,0.00874576544263759,2.5377666526325746,14.147267667603966,7.024621233560541e-06,0.007371857647229398,0.007378882268462958
0.002200000000000005,1966241.8784829753,573.3418787071183,2814.6412648300757,0.6350211010240739,0.008781164874121086,2.5379237991501595,14.14793747701926,7.111050655331694e-06,0.007371771217807626,0.007378882268462958
0.002210000000000005,1966372.21676743,573.3525188253868,2814.652135068332,0.6350399028953578,0.008816564829142923,2.5380822309401583,14.148612744872194,7.198194577803087e-06,0.007371684073885155,0.007378882268462958
0.002220000000000005,1966503.618210416,573.363245804051,2814.6630943901487,0.6350588594264446,0.008851965312051152,2.5382419534312466,14.149293493735467,7.2860561490226425e-06,0.007371596212313936,0.007378882268462958
0.002230000000000005,1966636.087311673,573.3740600149944,2814.6741431781725,0.6350779712950886,0.008887366327213141,2.5384029720560592,14.149979746190262,7.374638521287795e-06,0.00737150762994167,0.007378882268462958
0.002240000000000005,1966769.6285746319,573.3849618304847,2814.6852818154443,0.6350972391799562,0.008922767879015605,2.538565292251219,14.150671524826356,7.463944851181618e-06,0.0073714183236117765,0.007378882268462958
0.002250000000000005,1966904.2465064456,573.3959516231771,2814.6965106853995,0.635116663760632,0.008958169971864632,2.538728919457375,14.151368852242179,7.5539782996090906e-06,0.007371328290163349,0.007378882268462958
0.002260000000000005,1967039.9456180194,573.4070297661178,2814.7078301718725,0.6351362457176284,0.008993572610185714,2.5388938591192334,14.152071751044856,7.644742031833577e-06,0.0073712375264311245,0.007378882268462958
0.002270000000000005,1967176.7304240437,573.4181966327471,2814.7192406591016,0.6351559857323922,0.009028975798423773,2.5390601166855893,14.152780243850314,7.736239217513464e-06,0.007371146029245445,0.007378882268462958
0.002280000000000005,1967314.6054430238,573.4294525969028,2814.7307425317294,0.6351758844873132,0.009064379541043192,2.539227697609364,14.153494353283325,7.828473030738998e-06,0.007371053795432219,0.007378882268462958
0.002290000000000005,1967453.575197313,573.4407980328237,2814.74233617481,0.6351959426657326,0.00909978384252784,2.5393966073476366,14.15421410197758,7.921446650069307e-06,0.007370960821812889,0.007378882268462958
0.002300000000000005,1967593.644213143,573.4522333151532,2814.7540219738084,0.6352161609519509,0.009135188707381104,2.53956685136168,14.154939512575766,8.015163258569594e-06,0.007370867105204388,0.007378882268462958
0.002310000000000005,1967734.8170206575,573.463758818942,2814.765800314608,0.6352365400312356,0.009170594140125922,2.539738435116993,14.155670607729629,8.10962604384852e-06,0.0073707726424191095,0.007378882268462958
0.0023200000000000052,1967877.0981539427,573.4753749196523,2814.7776715835103,0.6352570805898304,0.009206000145304805,2.539911364083336,14.156407410100048,8.204838198095784e-06,0.007370677430264863,0.007378882268462958
0.0023300000000000052,1968020.4921510604,573.4870819931609,2814.789636167242,0.635277783314963,0.009241406727479872,2.5400856437347645,14.157149942357098,8.300802918119876e-06,0.007370581465544838,0.007378882268462958
0.0023400000000000053,1968165.00355408,573.4988804157624,2814.801694452956,0.6352986488948524,0.009276813891232881,2.5402612795496653,14.157898227180132,8.397523405386011e-06,0.007370484745057572,0.007378882268462958
0.0023500000000000053,1968310.6369091112,573.5107705641733,2814.8138468282355,0.635319678018719,0.009312221641165254,2.5404382770107903,14.158652287257844,8.495002866054281e-06,0.007370387265596904,0.007378882268462958
0.0023600000000000053,1968457.396766337,573.522752815535,2814.8260936810984,0.6353408713767923,0.009347629981898113,2.540616641605293,14.159412145288345,8.593244511017957e-06,0.007370289023951941,0.007378882268462958
0.0023700000000000053,1968605.2876800462,573.5348275474175,2814.8384354000013,0.635362229660318,0.00938303891807231,2.5407963788247594,14.16017782397922,8.69225155594201e-06,0.007370190016907016,0.007378882268462958
0.0023800000000000054,1968754.314208666,573.546995137823,2814.85087237384,0.6353837535615693,0.00941844845434846,2.5409774941652508,14.160949346047616,8.7920272213018e-06,0.007370090241241656,0.007378882268462958
0.0023900000000000054,1968904.4809147965,573.5592559651894,2814.863404991958,0.6354054437738529,0.00945385859540696,2.541159993127332,14.161726734220316,8.892574732421979e-06,0.007369989693730536,0.007378882268462958
0.0024000000000000054,1969055.792365242,573.5716104083937,2814.876033644145,0.6354273009915187,0.009489269345948044,2.5413438812161107,14.162510011233794,8.993897319515541e-06,0.007369888371143443,0.007378882268462958
0.0024100000000000055,1969208.253131047,573.584058846756,2814.8887587206455,0.6354493259099686,0.009524680710691793,2.5415291639412727,14.16329919983429,9.095998217723134e-06,0.007369786270245235,0.007378882268462958
0.0024200000000000055,1969361.8677875274,573.5966016600427,2814.901580612159,0.6354715192256645,0.009560092694378177,2.541715846817118,14.164094322777906,9.198880667152487e-06,0.007369683387795806,0.007378882268462958
0.0024300000000000055,1969516.6409143063,573.6092392284703,2814.914499709844,0.635493881636138,0.00959550530176709,2.541903935362598,14.164895402830647,9.302547912918092e-06,0.00736957972055004,0.007378882268462958
0.0024400000000000055,1969672.5770953465,573.6219719327092,2814.9275164053247,0.6355164138399974,0.009630918537638375,2.542093435101349,14.165702462768513,9.407003205181036e-06,0.007369475265257777,0.007378882268462958
0.0024500000000000056,1969829.6809189855,573.6348001538872,2814.9406310906907,0.6355391165369392,0.009666332406791867,2.542284351561732,14.166515525377568,9.512249799189061e-06,0.007369370018663769,0.007378882268462958
0.0024600000000000056,1969987.9569779695,573.6477242735932,2814.953844158504,0.6355619904277541,0.009701746914047417,2.542476690276866,14.167334613454011,9.618290955316797e-06,0.007369263977507642,0.007378882268462958
0.0024700000000000056,1970147.4098694876,573.660744673881,2814.967156001801,0.6355850362143384,0.00973716206424493,2.5426704567846685,14.168159749804252,9.72512993910619e-06,0.007369157138523852,0.007378882268462958
0.0024800000000000056,1970308.044195207,573.6738617372728,2814.9805670140977,0.6356082545997012,0.009772577862244397,2.5428656566278884,14.168990957244985,9.832770021307147e-06,0.007369049498441651,0.007378882268462958
0.0024900000000000057,1970469.8645613077,573.6870758467633,2814.994077589391,0.6356316462879741,0.009807994312925934,2.543062295354149,14.169828258603266,9.94121447791835e-06,0.00736894105398504,0.007378882268462958
0.0025000000000000057,1970632.8755785166,573.7003873858233,2815.007688122166,0.6356552119844207,0.00984341142118981,2.543260378515979,14.170671676716577,1.005046659022831e-05,0.00736883180187273,0.007378882268462958
0.0025100000000000057,1970797.0818621435,573.7137967384034,2815.021399007398,0.6356789523954449,0.009878829191956486,2.5434599116708534,14.17152123443291,1.0160529644856564e-05,0.007368721738818101,0.007378882268462958
0.0025200000000000057,1970962.488032116,573.727304288938,2815.0352106405558,0.6357028682286004,0.009914247630166649,2.543660900381232,14.172376954610845,1.027140693379511e-05,0.007368610861529163,0.007378882268462958
0.0025300000000000058,1971129.0987130157,573.7409104223489,2815.049123417606,0.6357269601926006,0.009949666740781246,2.543863350214594,14.17323886011961,1.0383101754450059e-05,0.007368499166708508,0.007378882268462958
0.002540000000000006,1971296.918534112,573.7546155240493,2815.0631377350196,0.6357512289973265,0.009985086528781523,2.5440672667434794,14.174106973839171,1.0495617409683414e-05,0.007368386651053275,0.007378882268462958
0.002550000000000006,1971465.9521293996,573.768419979948,2815.0772539897707,0.6357756753538368,0.010020506999169055,2.5442726555455257,14.1749813186603,1.0608957207855145e-05,0.007368273311255103,0.007378882268462958
0.002560000000000006,1971636.204137634,573.7823241764526,2815.0914725793464,0.6358002999743783,0.010055928156965788,2.5444795222035044,14.175861917484658,1.0723124462865394e-05,0.007368159144000093,0.007378882268462958
0.002570000000000006,1971807.679202367,573.7963285004736,2815.1057939017464,0.6358251035723925,0.010091350007214074,2.544687872305364,14.176748793224855,1.0838122494196913e-05,0.007368044145968761,0.007378882268462958
0.002580000000000006,1971980.3819719837,573.8104333394288,2815.120218355488,0.6358500868625281,0.010126772554976703,2.544897711444265,14.177641968804554,1.0953954626957726e-05,0.007367928313836001,0.007378882268462958
0.002590000000000006,1972154.3170997386,573.824639081247,2815.134746339612,0.6358752505606485,0.010162195805336947,2.5451090452186205,14.178541467158508,1.1070624191923936e-05,0.007367811644271034,0.007378882268462958
0.002600000000000006,1972329.4892437921,573.8389461143718,2815.1493782536845,0.6359005953838434,0.010197619763398592,2.5453218792321337,14.17944731123268,1.1188134525582816e-05,0.007367694133937375,0.007378882268462958
0.002610000000000006,1972505.9030672477,573.8533548277657,2815.164114497803,0.6359261220504353,0.01023304443428598,2.5455362190938393,14.18035952398429,1.1306488970176023e-05,0.007367575779492782,0.007378882268462958
0.002620000000000006,1972683.5632381884,573.867865610914,2815.178955472599,0.6359518312799927,0.010268469823144043,2.545752070418141,14.181278128381898,1.1425690873743107e-05,0.007367456577589215,0.007378882268462958
0.002630000000000006,1972862.4744297145,573.8824788538293,2815.1939015792414,0.6359777237933367,0.010303895935138342,2.5459694388248533,14.1822031474055,1.154574359016515e-05,0.007367336524872793,0.007378882268462958
0.002640000000000006,1973042.6413199801,573.897194947055,2815.208953219444,0.6360038003125533,0.01033932277545511,2.5461883299392376,14.183134604046575,1.1666650479208674e-05,0.00736721561798375,0.007378882268462958
0.002650000000000006,1973224.0685922313,573.9120142816699,2815.224110795467,0.636030061561002,0.010374750349301281,2.5464087493920458,14.184072521308176,1.1788414906569711e-05,0.007367093853556389,0.007378882268462958
0.002660000000000006,1973406.760934843,573.9269372492918,2815.23937471012,0.6360565082633258,0.010410178661904539,2.5466307028195594,14.185016922205024,1.1911040243918112e-05,0.00736697122821904,0.007378882268462958
0.002670000000000006,1973590.7230413577,573.9419642420816,2815.2547453667707,0.6360831411454617,0.010445607718513354,2.5468541958636277,14.185967829763568,1.2034529868942074e-05,0.007366847738594016,0.007378882268462958
0.002680000000000006,1973775.959610523,573.957095652748,2815.2702231693443,0.6361099609346486,0.010481037524397017,2.5470792341717123,14.186925267022065,1.215888716539285e-05,0.007366723381297565,0.007378882268462958
0.002690000000000006,1973962.4753463296,573.9723318745514,2815.2858085223306,0.6361369683594407,0.01051646808484569,2.5473058233969246,14.187889257030664,1.228411552312971e-05,0.007366598152939829,0.007378882268462958
0.002700000000000006,1974150.2749580499,573.9876733013081,2815.301501830788,0.6361641641497153,0.010551899405170437,2.547533969198066,14.188859822851482,1.2410218338165078e-05,0.007366472050124793,0.007378882268462958
0.0027100000000000062,1974339.3631602763,574.0031203273941,2815.3173035003474,0.6361915490366843,0.010587331490703268,2.5477636772396712,14.189836987558689,1.2537199012709902e-05,0.007366345069450248,0.007378882268462958
0.0027200000000000063,1974529.7446729601,574.01867334775,2815.333213937216,0.6362191237529018,0.010622764346797181,2.5479949531920494,14.190820774238569,1.266506095521926e-05,0.007366217207507739,0.007378882268462958
0.0027300000000000063,1974721.4242214505,574.0343327578848,2815.3492335481824,0.6362468890322783,0.0106581979788262,2.5482278027313243,14.191811205989636,1.2793807580438145e-05,0.00736608846088252,0.007378882268462958
0.0027400000000000063,1974914.406536533,574.0500989538806,2815.3653627406215,0.636274845610088,0.010693632392185421,2.548462231539476,14.19280830592267,1.292344230944748e-05,0.007365958826153511,0.007378882268462958
0.0027500000000000063,1975108.6963544698,574.0659723323963,2815.3816019224973,0.6363029942229806,0.010729067592291053,2.548698245304383,14.19381209716083,1.3053968569710386e-05,0.007365828299893248,0.007378882268462958
0.0027600000000000064,1975304.2984170376,574.0819532906723,2815.3979515023684,0.636331335608991,0.010764503584580455,2.548935849719864,14.194822602839714,1.3185389795118624e-05,0.00736569687866784,0.007378882268462958
0.0027700000000000064,1975501.2174715684,574.0980422265351,2815.414411889393,0.6363598705075505,0.010799940374512184,2.5491750504857196,14.195839846107463,1.3317709426039267e-05,0.007365564559036919,0.007378882268462958
0.0027800000000000064,1975699.4582709894,574.1142395384009,2815.430983493331,0.6363885996594966,0.010835377967566038,2.549415853307777,14.196863850124814,1.3450930909361617e-05,0.007365431337553597,0.007378882268462958
0.0027900000000000065,1975899.0255738618,574.1305456252807,2815.447666724553,0.6364175238070842,0.010870816369243093,2.549658263897927,14.197894638065197,1.3585057698544338e-05,0.0073652972107644136,0.007378882268462958
0.0028000000000000065,1976099.924144422,574.1469608867847,2815.464461994039,0.636446643693996,0.010906255585065755,2.5499022879741737,14.198932233114808,1.3720093253662761e-05,0.007365162175209296,0.007378882268462958
0.0028100000000000065,1976302.1587526212,574.1634857231261,2815.481369713388,0.636475960065354,0.010941695620577797,2.5501479312606703,14.19997665847271,1.3856041041456518e-05,0.007365026227421502,0.007378882268462958
0.0028200000000000065,1976505.7341741668,574.1801205351263,2815.49839029482,0.6365054736677289,0.010977136481344407,2.550395199487769,14.201027937350892,1.3992904535377288e-05,0.007364889363927581,0.007378882268462958
0.0028300000000000066,1976710.6551905621,574.196865724219,2815.51552415118,0.6365351852491522,0.011012578172952233,2.550644098392059,14.202086092974348,1.4130687215636858e-05,0.007364751581247321,0.007378882268462958
0.0028400000000000066,1976916.926589148,574.2137216924547,2815.532771695946,0.6365650955591262,0.01104802070100942,2.550894633716411,14.203151148581192,1.426939256925536e-05,0.007364612875893703,0.007378882268462958
0.0028500000000000066,1977124.5531631429,574.2306888425053,2815.5501333432285,0.6365952053486356,0.011083464071145665,2.5511468112100237,14.204223127422699,1.4409024090109724e-05,0.007364473244372848,0.007378882268462958
0.0028600000000000066,1977333.5397116856,574.2477675776688,2815.5676095077806,0.6366255153701585,0.011118908289012259,2.551400636628463,14.205302052763416,1.4549585278982454e-05,0.007364332683183976,0.007378882268462958
0.0028700000000000067,1977543.8910398753,574.2649583018735,2815.585200604999,0.6366560263776772,0.011154353360282131,2.5516561157337097,14.206387947881241,1.4691079643610489e-05,0.007364191188819348,0.007378882268462958
0.0028800000000000067,1977755.611958814,574.2822614196832,2815.60290705093,0.636686739126689,0.011189799290649895,2.551913254294203,14.207480836067484,1.4833510698734443e-05,0.0073640487577642235,0.007378882268462958
0.0028900000000000067,1977968.707285648,574.2996773363012,2815.620729262274,0.6367176543742185,0.011225246085831898,2.552172058084881,14.208580740626983,1.4976881966147979e-05,0.007363905386496811,0.007378882268462958
0.0029000000000000067,1978183.1818436098,574.3172064575754,2815.63866765639,0.6367487728788284,0.011260693751566266,2.5524325328872326,14.209687684878158,1.512119697474743e-05,0.007363761071488211,0.007378882268462958
0.0029100000000000068,1978399.0404620606,574.3348491900026,2815.6567226513025,0.6367800954006301,0.01129614229361295,2.552694684489335,14.21080169215312,1.5266459260581705e-05,0.0073636158092023766,0.007378882268462958
0.002920000000000007,1978616.2879765327,574.3526059407337,2815.6748946657026,0.6368116227012959,0.011331591717753773,2.552958518685902,14.21192278579773,1.5412672366902383e-05,0.007363469596096056,0.007378882268462958
0.002930000000000007,1978834.9292287717,574.370477117578,2815.6931841189557,0.6368433555440702,0.011367042029792482,2.55322404127833,14.213050989171702,1.555983984421403e-05,0.007363322428618744,0.007378882268462958
0.002940000000000007,1979054.9690667798,574.3884631290082,2815.7115914311057,0.6368752946937822,0.01140249323555479,2.5534912580747404,14.21418632564868,1.5707965250324836e-05,0.007363174303212633,0.007378882268462958
0.002950000000000007,1979276.4123448583,574.4065643841649,2815.7301170228784,0.6369074409168546,0.011437945340888432,2.553760174890029,14.215328818616317,1.5857052150397388e-05,0.007363025216312561,0.007378882268462958
0.002960000000000007,1979499.2639236508,574.4247812928619,2815.74876131569,0.6369397949813181,0.011473398351663206,2.554030797545908,14.21647849147637,1.6007104116999755e-05,0.007362875164345958,0.007378882268462958
0.002970000000000007,1979723.5286701869,574.4431142655905,2815.767524731648,0.6369723576568227,0.011508852273771028,2.5543031318709524,14.217635367644776,1.6158124730156786e-05,0.007362724143732802,0.007378882268462958
0.002980000000000007,1979949.2114579254,574.4615637135244,2815.7864076935584,0.6370051297146475,0.011544307113125981,2.5545771837006486,14.218799470551753,1.6310117577401633e-05,0.007362572150885557,0.007378882268462958
0.002990000000000007,1980176.3171667983,574.4801300485251,2815.80541062493,0.6370381119277146,0.01157976287566436,2.5548529588774396,14.219970823641853,1.6463086253827575e-05,0.007362419182209131,0.007378882268462958
0.003000000000000007,1980404.8506832544,574.4988136831464,2815.824533949981,0.6370713050706004,0.011615219567344732,2.555130463250769,14.22114945037408,1.6617034362140026e-05,0.007362265234100818,0.007378882268462958
0.003010000000000007,1980634.816900304,574.5176150306393,2815.843778093641,0.6371047099195476,0.011650677194147972,2.555409702677131,14.22233537422196,1.6771965512708805e-05,0.00736211030295025,0.007378882268462958
0.003020000000000007,1980866.220717563,574.5365345049569,2815.8631434815584,0.6371383272524767,0.011686135762077332,2.5556906830201167,14.223528618673628,1.692788332362067e-05,0.0073619543851393375,0.007378882268462958
0.003030000000000007,1981099.067041297,574.5555725207598,2815.8826305401058,0.6371721578489986,0.011721595277158478,2.555973410150459,14.224729207231922,1.70847914207321e-05,0.007361797477042226,0.007378882268462958
0.003040000000000007,1981333.3607844666,574.574729493421,2815.902239696383,0.6372062024904274,0.011757055745439548,2.556257889946083,14.22593716341445,1.7242693437722298e-05,0.007361639575025236,0.007378882268462958
0.003050000000000007,1981569.1068667723,574.5940058390304,2815.921971378224,0.6372404619597918,0.011792517172991202,2.55654412829215,14.227152510753701,1.7401593016146447e-05,0.0073614806754468114,0.007378882268462958
0.003060000000000007,1981806.3102146992,574.6134019744003,2815.9418260142015,0.6372749370418471,0.011827979565906678,2.556832131081109,14.228375272797114,1.7561493805489266e-05,0.007361320774657469,0.007378882268462958
0.003070000000000007,1982044.9757615633,574.6329183170709,2815.9618040336327,0.6373096285230885,0.011863442930301843,2.5571219042127415,14.229605473107165,1.7722399463218763e-05,0.007361159868999739,0.007378882268462958
0.003080000000000007,1982285.108447556,574.6525552853144,2815.981905866583,0.6373445371917636,0.011898907272315244,2.557413453594212,14.230843135261468,1.7884313654840256e-05,0.007360997954808118,0.007378882268462958
0.0030900000000000072,1982526.7132197903,574.672313298141,2816.002131943874,0.6373796638378837,0.011934372598108164,2.557706785140113,14.23208828285285,1.804724005395068e-05,0.007360835028409007,0.007378882268462958
0.0031000000000000073,1982769.795032347,574.6921927753039,2816.0224826970853,0.6374150092532375,0.011969838913864678,2.558001904772518,14.233340939489437,1.8211182342293082e-05,0.007360671086120665,0.007378882268462958
0.0031100000000000073,1983014.3588463208,574.7121941373042,2816.042958558563,0.6374505742314035,0.012005306225791703,2.5582988184210267,14.234601128794749,1.8376144209811463e-05,0.007360506124253147,0.007378882268462958
0.0031200000000000073,1983260.4096298665,574.7323178053964,2816.0635599614234,0.6374863595677633,0.012040774540119056,2.5585975320228154,14.235868874407783,1.8542129354705793e-05,0.007360340139108253,0.007378882268462958
0.0031300000000000073,1983507.9523582456,574.7525642015937,2816.0842873395586,0.6375223660595124,0.012076243863099507,2.558898051522685,14.237144199983106,1.870914148348735e-05,0.007360173126979471,0.007378882268462958
0.0031400000000000074,1983756.9920138733,574.772933748673,2816.1051411276417,0.6375585945056762,0.012111714201008837,2.559200382873113,14.238427129190928,1.8877184311034275e-05,0.007360005084151924,0.007378882268462958
0.0031500000000000074,1984007.5335863656,574.7934268701805,2816.1261217611336,0.6375950457071199,0.012147185560145893,2.5595045320343,14.23971768571722,1.9046261560647416e-05,0.007359836006902311,0.007378882268462958
0.0031600000000000074,1984259.5820725863,574.8140439904369,2816.147229676286,0.637631720466563,0.012182657946832645,2.5598105049742212,14.241015893263762,1.9216376964106435e-05,0.007359665891498852,0.007378882268462958
0.0031700000000000074,1984513.1424766944,574.8347855345427,2816.16846531015,0.6376686195885932,0.01221813136741424,2.5601183076686747,14.24232177554827,1.9387534261726164e-05,0.007359494734201232,0.007378882268462958
0.0031800000000000075,1984768.2198101922,574.8556519283841,2816.189829100579,0.6377057438796777,0.012253605828259061,2.5604279461013353,14.243635356304456,1.9559737202413213e-05,0.007359322531260545,0.007378882268462958
0.0031900000000000075,1985024.8190919727,574.8766435986373,2816.2113214862356,0.6377430941481779,0.01228908133575879,2.5607394262638006,14.244956659282137,1.9732989543722913e-05,0.0073591492789192355,0.007378882268462958
0.0032000000000000075,1985282.945348368,574.8977609727756,2816.2329429065967,0.6377806712043613,0.012324557896328452,2.5610527541556443,14.246285708247312,1.9907295051916446e-05,0.007358974973411042,0.007378882268462958
0.0032100000000000076,1985542.6036131976,574.9190044790734,2816.254693801959,0.6378184758604171,0.012360035516406492,2.5613679357844656,14.247622526982251,2.0082657502018294e-05,0.00735879961096094,0.007378882268462958
0.0032200000000000076,1985803.7989278166,574.9403745466122,2816.2765746134455,0.6378565089304671,0.012395514202454817,2.5616849771659433,14.248967139285599,2.0259080677873945e-05,0.007358623187785084,0.007378882268462958
0.0032300000000000076,1986066.536341165,574.961871605287,2816.298585783011,0.6378947712305814,0.012430993960958866,2.5620038843238806,14.250319568972438,2.043656837220787e-05,0.00735844570009075,0.007378882268462958
0.0032400000000000076,1986330.8209098163,574.9834960858102,2816.3207277534457,0.6379332635787908,0.012466474798427664,2.562324663290265,14.251679839874413,2.0615124386681783e-05,0.007358267144076277,0.007378882268462958
0.0032500000000000077,1986596.6576980269,575.0052484197187,2816.343000968385,0.6379719867951007,0.012501956721393884,2.5626473201053135,14.253047975839792,2.0794752531953162e-05,0.0073580875159310055,0.007378882268462958
0.0032600000000000077,1986864.0517777854,575.0271290393789,2816.3654058723105,0.6380109417015044,0.012537439736413908,2.562971860817527,14.254424000733561,2.0975456627734043e-05,0.007357906811835224,0.007378882268462958
0.0032700000000000077,1987133.0082288622,575.0491383779924,2816.3879429105605,0.6380501291219991,0.012572923850067889,2.5632982914837426,14.255807938437535,2.115724050285015e-05,0.007357725027960108,0.007378882268462958
0.0032800000000000077,1987403.5321388594,575.0712768696018,2816.4106125293324,0.638089549882597,0.01260840906895981,2.5636266181691854,14.257199812850416,2.1340107995300195e-05,0.007357542160467658,0.007378882268462958
0.0032900000000000078,1987675.6286032612,575.0935449490963,2816.43341517569,0.6381292048113406,0.012643895399717543,2.563956846947521,14.258599647887907,2.152406295231559e-05,0.007357358205510643,0.007378882268462958
0.003300000000000008,1987949.3027254837,575.1159430522176,2816.456351297569,0.6381690947383176,0.012679382848992917,2.564288983900909,14.260007467482804,2.1709109230420283e-05,0.007357173159232538,0.007378882268462958
0.003310000000000008,1988224.559616926,575.1384716155654,2816.4794213437845,0.6382092204956734,0.01271487142346178,2.564623035120055,14.261423295585075,2.189525069549106e-05,0.007356987017767467,0.007378882268462958
0.003320000000000008,1988501.4043970201,575.161131076604,2816.5026257640325,0.6382495829176261,0.012750361129824058,2.5649590067042665,14.262847156161948,2.2082491222817986e-05,0.00735679977724014,0.007378882268462958
0.003330000000000008,1988779.8421932836,575.183921873667,2816.5259650089024,0.6382901828404819,0.012785851974803818,2.5652969047615017,14.264279073198017,2.2270834697165216e-05,0.007356611433765793,0.007378882268462958
0.003340000000000008,1989059.8781413687,575.2068444459643,2816.5494395298774,0.6383310211026473,0.01282134396514934,2.565636735408428,14.26571907069532,2.246028501283202e-05,0.007356421983450126,0.007378882268462958
0.003350000000000008,1989341.5173851158,575.2298992335872,2816.5730497793434,0.6383720985446457,0.012856837107633171,2.565978504770473,14.267167172673444,2.2650846073714197e-05,0.007356231422389244,0.007378882268462958
0.003360000000000008,1989624.7650766035,575.2530866775148,2816.596796210595,0.6384134160091312,0.012892331409052198,2.566322218981879,14.268623403169599,2.28425217933657e-05,0.0073560397466695925,0.007378882268462958
0.003370000000000008,1989909.6263762019,575.27640721962,2816.6206792778403,0.638454974340902,0.012927826876227708,2.5666678841857595,14.270087786238733,2.303531609506056e-05,0.007355846952367897,0.007378882268462958
0.003380000000000008,1990196.1064526236,575.299861302675,2816.6446994362086,0.6384967743869174,0.012963323516005456,2.5670155065341507,14.271560345953594,2.322923291185516e-05,0.007355653035551103,0.007378882268462958
0.003390000000000008,1990484.210482977,575.3234493703582,2816.6688571417553,0.6385388169963114,0.012998821335255728,2.5673650921880693,14.273041106404849,2.3424276186650726e-05,0.007355457992276307,0.007378882268462958
0.003400000000000008,1990773.9436528187,575.3471718672595,2816.693152851469,0.6385811030204072,0.013034320340873415,2.5677166473175643,14.27453009170116,2.3620449872256195e-05,0.007355261818590702,0.007378882268462958
0.003410000000000008,1991065.311156206,575.3710292388869,2816.7175870232772,0.6386236333127333,0.013069820539778069,2.5680701781017774,14.276027325969288,2.3817757931451303e-05,0.007355064510531507,0.007378882268462958
0.003420000000000008,1991358.318195751,575.3950219316722,2816.7421601160536,0.638666408729038,0.013105321938913981,2.5684256907289917,14.27753283335418,2.401620433705006e-05,0.007354866064125908,0.007378882268462958
0.003430000000000008,1991652.9699826727,575.4191503929778,2816.7668725896224,0.6387094301273037,0.013140824545250243,2.5687831913966956,14.279046638019057,2.4215793071964424e-05,0.007354666475390994,0.007378882268462958
0.003440000000000008,1991949.2717368514,575.4434150711024,2816.7917249047673,0.6387526983677639,0.013176328365780816,2.56914268631163,14.280568764145512,2.4416528129268408e-05,0.0073544657403336895,0.007378882268462958
0.003450000000000008,1992247.2286868829,575.4678164152876,2816.8167175232356,0.6387962143129177,0.013211833407524605,2.5695041816898527,14.282099235933599,2.46184135122623e-05,0.007354263854950696,0.007378882268462958
0.003460000000000008,1992546.8460701313,575.4923548757239,2816.8418509077464,0.6388399788275451,0.013247339677525519,2.569867683756789,14.283638077601934,2.4821453234537454e-05,0.007354060815228421,0.007378882268462958
0.0034700000000000082,1992848.129132785,575.5170309035573,2816.8671255219956,0.6388839927787224,0.013282847182852548,2.570233198747292,14.285185313387776,2.5025651320041105e-05,0.007353856617142917,0.007378882268462958
0.0034800000000000083,1993151.0831299098,575.5418449508951,2816.892541830664,0.6389282570358388,0.013318355930599832,2.5706007329056977,14.286740967547138,2.5231011803141722e-05,0.007353651256659817,0.007378882268462958
0.0034900000000000083,1993455.7133255051,575.5667974708132,2816.918100299422,0.6389727724706105,0.013353865927886729,2.5709702924858835,14.288305064354864,2.5437538728694556e-05,0.007353444729734264,0.007378882268462958
0.0035000000000000083,1993762.024992558,575.5918889173618,2816.9438013949375,0.6390175399570978,0.013389377181857886,2.571341883751324,14.28987762810472,2.5645236152107498e-05,0.0073532370323108505,0.007378882268462958
0.0035100000000000083,1994070.0234130987,575.617119745572,2816.9696455848825,0.6390625603717202,0.013424889699683315,2.571715512975151,14.291458683109513,2.5854108139407283e-05,0.007353028160323551,0.007378882268462958
0.0035200000000000084,1994379.7138782567,575.6424904114627,2816.9956333379396,0.639107834593274,0.013460403488558466,2.57209118644021,14.293048253701151,2.6064158767306065e-05,0.007352818109695652,0.007378882268462958
0.0035300000000000084,1994691.1016883166,575.6680013720465,2817.0217651238067,0.6391533635029454,0.013495918555704287,2.5724689104391185,14.294646364230767,2.627539212326819e-05,0.00735260687633969,0.007378882268462958
0.0035400000000000084,1995004.1921527733,575.6936530853368,2817.048041413208,0.6391991479843294,0.013531434908367316,2.572848691274324,14.29625303906879,2.6487812305577375e-05,0.007352394456157381,0.007378882268462958
0.0035500000000000084,1995318.9905903896,575.7194460103541,2817.074462677897,0.639245188923445,0.013566952553819739,2.5732305352581646,14.297868302605048,2.670142342340414e-05,0.007352180845039554,0.007378882268462958
0.0035600000000000085,1995635.502329252,575.7453806071326,2817.1010293906647,0.6392914872087515,0.013602471499359472,2.5736144487129256,14.299492179248878,2.69162295968737e-05,0.0073519660388660845,0.007378882268462958
0.0035700000000000085,1995953.7327068278,575.7714573367274,2817.127742025347,0.6393380437311643,0.013637991752310234,2.5740004379709003,14.301124693429184,2.713223495713398e-05,0.007351750033505825,0.007378882268462958
0.0035800000000000085,1996273.6870700226,575.7976766612206,2817.1546010568295,0.6393848593840736,0.01367351332002162,2.5743885093744496,14.302765869594566,2.734944364642415e-05,0.007351532824816534,0.007378882268462958
0.0035900000000000085,1996595.370775237,575.8240390437286,2817.1816069610572,0.6394319350633587,0.013709036209869184,2.57477866927606,14.304415732213402,2.7567859818143356e-05,0.007351314408644815,0.007378882268462958
0.0036000000000000086,1996918.7891884248,575.8505449484081,2817.2087602150405,0.6394792716674066,0.013744560429254501,2.5751709240384058,14.306074305773931,2.7787487636919837e-05,0.007351094780826038,0.007378882268462958
0.0036100000000000086,1997243.9476851511,575.8771948404637,2817.2360612968605,0.639526870097126,0.01378008598560526,2.5755652800344064,14.307741614784375,2.8008331278680364e-05,0.007350873937184278,0.007378882268462958
0.0036200000000000086,1997570.85165065,575.9039891861547,2817.263510685678,0.6395747312559682,0.013815612886375327,2.5759617436472917,14.309417683773002,2.823039493072003e-05,0.0073506518735322384,0.007378882268462958
0.0036300000000000087,1997899.5064798829,575.9309284528015,2817.2911088617393,0.6396228560499413,0.013851141139044834,2.5763603212706565,14.31110253728825,2.8453682791772347e-05,0.007350428585671186,0.007378882268462958
0.0036400000000000087,1998229.917577598,575.958013108793,2817.318856306386,0.639671245387628,0.01388667075112025,2.5767610193085253,14.312796199898795,2.867819907207967e-05,0.007350204069390878,0.007378882268462958
0.0036500000000000087,1998562.0903583888,575.9852436235934,2817.346753502057,0.6397199001802031,0.01392220173013446,2.5771638441754154,14.314498696193674,2.890394799346402e-05,0.007349978320469494,0.007378882268462958
0.0036600000000000087,1998896.0302467537,576.0126204677495,2817.3748009323012,0.639768821341451,0.01395773408364685,2.577568802296393,14.316210050782352,2.913093378939821e-05,0.00734975133467356,0.007378882268462958
0.0036700000000000088,1999231.7426771552,576.0401441128972,2817.402999081782,0.6398180097877825,0.013993267819243376,2.5779759001071407,14.317930288294843,2.9359160705077265e-05,0.007349523107757881,0.007378882268462958
0.003680000000000009,1999569.2330940797,576.0678150317692,2817.431348436284,0.6398674664382533,0.014028802944536659,2.578385144054013,14.31965943338179,2.9588632997490292e-05,0.007349293635465468,0.007378882268462958
0.003690000000000009,1999908.5069520979,576.0956336982018,2817.4598494827223,0.6399171922145802,0.014064339467166053,2.5787965405941065,14.321397510714561,2.9819354935492598e-05,0.0073490629135274654,0.007378882268462958
0.003700000000000009,2000249.569715925,576.1236005871423,2817.488502709148,0.6399671880411604,0.01409987739479773,2.579210096195316,14.32314454498535,3.0051330799878257e-05,0.00734883093766308,0.007378882268462958
0.003710000000000009,2000592.4268604815,576.1517161746558,2817.5173086047566,0.6400174548450887,0.014135416735124766,2.5796258173364,14.324900560907272,3.02845648834529e-05,0.0073485977035795055,0.007378882268462958
0.003720000000000009,2000937.083870954,576.1799809379332,2817.5462676598954,0.6400679935561749,0.01417095749586722,2.580043710507044,14.326665583214456,3.051906149110698e-05,0.007348363206971851,0.007378882268462958
0.003730000000000009,2001283.5462428567,576.2083953552979,2817.5753803660714,0.6401188051069632,0.014206499684772214,2.5804637822079233,14.328439636662146,3.075482493988932e-05,0.007348127443523069,0.007378882268462958
0.003740000000000009,2001631.8194820918,576.2369599062131,2817.604647215957,0.640169890432749,0.014242043309614023,2.580886038950766,14.33022274602679,3.0991859559081005e-05,0.007347890408903877,0.007378882268462958
0.003750000000000009,2001981.9091050131,576.2656750712899,2817.6340687034,0.6402212504715981,0.014277588378194154,2.5813104872584183,14.33201493610613,3.1230169690269754e-05,0.0073476520987726885,0.007378882268462958
0.003760000000000009,2002333.8206384869,576.294541332294,2817.6636453234287,0.6402728861643648,0.014313134898341432,2.581737133664909,14.333816231719327,3.146975968742443e-05,0.007347412508775534,0.007378882268462958
0.003770000000000009,2002687.559619954,576.3235591721534,2817.6933775722628,0.6403247984547108,0.014348682877912088,2.5821659847155107,14.335626657707024,3.17106339169702e-05,0.007347171634545988,0.007378882268462958
0.003780000000000009,2003043.1315974935,576.3527290749662,2817.7232659473184,0.6403769882891226,0.014384232324789841,2.5825970469668076,14.337446238931452,3.195279675786376e-05,0.0073469294717050946,0.007378882268462958
0.003790000000000009,2003400.542129885,576.3820515260078,2817.753310947215,0.6404294566169318,0.014419783246885982,2.583030326986761,14.339275000276537,3.219625260166914e-05,0.0073466860158612896,0.007378882268462958
0.003800000000000009,2003759.7967866717,576.4115270117386,2817.783513071788,0.6404822043903333,0.014455335652139469,2.583465831354773,14.341112966647986,3.2441005852633844e-05,0.0073464412626103245,0.007378882268462958
0.003810000000000009,2004120.9011482247,576.4411560198117,2817.813872822091,0.6405352325644036,0.014490889548517006,2.58390356666175,14.34296016297339,3.2687060927765234e-05,0.007346195207535193,0.007378882268462958
0.003820000000000009,2004483.860805806,576.4709390390808,2817.844390700406,0.6405885420971211,0.014526444944013136,2.584343539510174,14.344816614202307,3.293442225690743e-05,0.007345947846206051,0.007378882268462958
0.003830000000000009,2004848.681361633,576.5008765596075,2817.8750672102533,0.6406421339493843,0.01456200184665033,2.5847857565141643,14.346682345306379,3.318309428281856e-05,0.00734569917418014,0.007378882268462958
0.003840000000000009,2005215.3684289425,576.5309690726693,2817.905902856396,0.6406960090850318,0.014597560264479071,2.585230224299545,14.348557381279408,3.3433081461248307e-05,0.00734544918700171,0.007378882268462958
0.0038500000000000092,2005583.9276320564,576.5612170707676,2817.9368981448497,0.6407501684708613,0.01463312020557795,2.5856769495039122,14.35044174713747,3.368438826101589e-05,0.007345197880201942,0.007378882268462958
0.0038600000000000093,2005954.364606446,576.5916210476354,2817.9680535828907,0.6408046130766486,0.014668681678053751,2.586125938776702,14.352335467919,3.3937019164088485e-05,0.00734494524929887,0.007378882268462958
0.0038700000000000093,2006326.6849987966,576.6221814982451,2817.9993696790643,0.6408593438751691,0.014704244690041545,2.586577198779255,14.354238568684881,3.41909786656599e-05,0.0073446912897972986,0.007378882268462958
0.0038800000000000093,2006700.894467075,576.6528989188168,2818.0308469431925,0.640914361842216,0.01473980924970478,2.5870307361848854,14.356151074518571,3.444627127422971e-05,0.007344435997188728,0.007378882268462958
0.0038900000000000093,2007076.9986805937,576.6837738068259,2818.0624858863816,0.6409696679566202,0.014775375365235377,2.58748655767895,14.358073010526171,3.470290151168284e-05,0.007344179366951275,0.007378882268462958
0.0039000000000000094,2007455.003320078,576.7148066610115,2818.094287021031,0.6410252632002709,0.014810943044853815,2.587944669958914,14.360004401836527,3.496087391336938e-05,0.007343921394549589,0.007378882268462958
0.003910000000000009,2007834.9140777322,576.7459979813843,2818.126250860842,0.6410811485581352,0.014846512296809231,2.5884050797344216,14.361945273601336,3.522019302818498e-05,0.007343662075434773,0.007378882268462958
0.0039200000000000085,2008216.7366573068,576.7773482692351,2818.158377920826,0.6411373250182798,0.01488208312937951,2.588867793727364,14.36389565099523,3.548086341865143e-05,0.0073434014050443065,0.007378882268462958
0.003930000000000008,2008600.4767741654,576.8088580271423,2818.1906687173123,0.6411937935718898,0.014917655550871383,2.589332818671946,14.365855559215888,3.574288966099788e-05,0.0073431393788019605,0.007378882268462958
0.003940000000000008,2008986.1401553522,576.8405277589809,2818.2231237679566,0.6412505552132893,0.014953229569620521,2.5898001613147605,14.367825023484121,3.6006276345242215e-05,0.007342875992117716,0.007378882268462958
0.003950000000000007,2009373.73253966,576.8723579699302,2818.2557435917506,0.6413076109399632,0.014988805193991627,2.590269828414853,14.369804069043978,3.627102807527305e-05,0.007342611240387685,0.007378882268462958
0.003960000000000007,2009763.2596776984,576.9043491664829,2818.2885287090285,0.6413649617525767,0.015024382432378539,2.5907418267437943,14.371792721162823,3.653714946893191e-05,0.0073423451189940266,0.007378882268462958
0.0039700000000000065,2010154.7273319613,576.9365018564524,2818.3214796414777,0.641422608654997,0.015059961293204319,2.5912161630857513,14.373791005131464,3.680464515809604e-05,0.007342077623304862,0.007378882268462958
0.003980000000000006,2010548.1412768972,576.9688165489824,2818.354596912146,0.6414805526543141,0.015095541784921358,2.5916928442375538,14.375798946264213,3.707351978876149e-05,0.0073418087486741964,0.007378882268462958
0.003990000000000006,2010943.5072989773,577.0012937545546,2818.387881045452,0.6415387947608623,0.015131123916011471,2.59217187700877,14.377816569899013,3.734377802112654e-05,0.007341538490441832,0.007378882268462958
0.004000000000000005,2011340.8311967652,577.0339339849972,2818.4213325671913,0.6415973359882408,0.015166707694985996,2.592653268221775,14.379843901397525,3.7615424529675795e-05,0.007341266843933283,0.007378882268462958
0.004010000000000005,2011740.1187809862,577.0667377534944,2818.4549520045475,0.6416561773533349,0.015202293130385892,2.593137024711821,14.381880966145214,3.7888464003264414e-05,0.007340993804459694,0.007378882268462958
0.0040200000000000045,2012141.375874598,577.0997055745939,2818.488739886099,0.6417153198763393,0.015237880230781842,2.593623153327114,14.383927789551462,3.8162901145202883e-05,0.007340719367317755,0.007378882268462958
0.004030000000000004,2012544.6083128613,577.1328379642165,2818.522696741832,0.6417747645807779,0.015273469004774352,2.59411166092888,14.38598439704965,3.8438740673342314e-05,0.007340443527789616,0.007378882268462958
0.004040000000000004,2012949.8219434095,577.1661354396642,2818.556823103143,0.6418345124935262,0.015309059460993856,2.594602554391441,14.388050814097271,3.871598732015991e-05,0.007340166281142799,0.007378882268462958
0.004050000000000003,2013357.0226263206,577.1995985196294,2818.5911195028543,0.6418945646448343,0.015344651608100812,2.5950958406022857,14.390127066176008,3.899464583284513e-05,0.007339887622630113,0.007378882268462958
0.004060000000000003,2013766.2162341885,577.2332277242034,2818.6255864752184,0.6419549220683465,0.015380245454785809,2.595591526462145,14.392213178791852,3.927472097338606e-05,0.0073396075474895725,0.007378882268462958
0.0040700000000000024,2014177.4086521948,577.2670235748859,2818.6602245559297,0.6420155858011264,0.015415841009769669,2.596089618885064,14.394309177475169,3.955621751865637e-05,0.007339326050944302,0.007378882268462958
0.004080000000000002,2014590.6057781803,577.3009865945933,2818.695034282133,0.642076556883678,0.015451438281803552,2.596590124798474,14.396415087780834,3.983914026050264e-05,0.0073390431282024556,0.007378882268462958
0.004090000000000002,2015005.8135227184,577.3351173076679,2818.7300161924313,0.6421378363599675,0.015487037279669063,2.597093051143269,14.398530935288298,4.0123494005832066e-05,0.007338758774457126,0.007378882268462958
0.004100000000000001,2015423.0378091868,577.3694162398875,2818.765170826898,0.6421994252774468,0.01552263801217835,2.597598404873877,14.400656745601685,4.040928357670076e-05,0.007338472984886257,0.007378882268462958
0.004110000000000001,2015842.284573842,577.4038839184736,2818.8004987270842,0.642261324687077,0.01555824048817422,2.5981061929583396,14.402792544349916,4.06965138104023e-05,0.007338185754652556,0.007378882268462958
0.00412,2016263.5597658916,577.4385208721011,2818.836000436028,0.6423235356433495,0.015593844716530239,2.5986164223783814,14.404938357186781,4.098518955955689e-05,0.0073378970789034015,0.007378882268462958
0.00413,2016686.8693475681,577.4733276309075,2818.871676498264,0.6423860592043102,0.01562945070615084,2.5991291001294883,14.407094209791039,4.127531569220086e-05,0.007337606952770757,0.007378882268462958
0.00414,2017112.2192942044,577.5083047265025,2818.907527459835,0.642448896431583,0.015665058465971434,2.5996442332209835,14.409260127866506,4.156689709187667e-05,0.007337315371371082,0.007378882268462958
0.004149999999999999,2017539.6155943067,577.5434526919763,2818.943553868298,0.6425120483903929,0.01570066800495852,2.600161828676101,14.411436137142186,4.185993865772332e-05,0.007337022329805235,0.007378882268462958
0.004159999999999999,2017969.0642496306,577.5787720619104,2818.979756272736,0.642575516149589,0.01573627933210979,2.6006818935320637,14.413622263372325,4.215444530456729e-05,0.007336727823158391,0.007378882268462958
0.004169999999999998,2018400.5712752556,577.6142633723857,2819.016135223768,0.6426393007816688,0.015771892456454238,2.6012044348401595,14.415818532336525,4.245042196301379e-05,0.007336431846499945,0.007378882268462958
0.004179999999999998,2018834.1426996614,577.6499271609931,2819.0526912735572,0.6427034033628015,0.015807507387052284,2.6017294596658185,14.418024969839852,4.2747873579538666e-05,0.00733613439488342,0.007378882268462958
0.0041899999999999975,2019269.7845648031,577.6857639668423,2819.089424975823,0.642767824972853,0.01584312413299587,2.602256975088689,14.42024160171291,4.3046805116580685e-05,0.0073358354633463775,0.007378882268462958
0.004199999999999997,2019707.5029261883,577.7217743305717,2819.1263368858476,0.6428325666954087,0.01587874270340858,2.6027869882027175,14.42246845381195,4.334722155263414e-05,0.007335535046910324,0.007378882268462958
0.004209999999999997,2020147.3038529532,577.7579587943584,2819.1634275604893,0.6428976296177985,0.01591436310744575,2.603319506116224,14.424705552018965,4.364912788234215e-05,0.007335233140580616,0.007378882268462958
0.004219999999999996,2020589.1934279401,577.7943179019273,2819.2006975581894,0.6429630148311212,0.015949985354294594,2.603854535951982,14.426952922241775,4.3952529116590374e-05,0.0073349297393463676,0.007378882268462958
0.004229999999999996,2021033.1777477749,577.8308521985615,2819.2381474389854,0.6430287234302688,0.015985609453174295,2.6043920848472957,14.429210590414138,4.425743028260106e-05,0.007334624838180357,0.007378882268462958
0.0042399999999999955,2021479.2629229443,577.8675622311118,2819.2757777645184,0.6430947565139523,0.016021235413336145,2.604932159954081,14.431478582495838,4.4563836424027716e-05,0.007334318432038931,0.007378882268462958
0.004249999999999995,2021927.4550778747,577.9044485480067,2819.313589098045,0.643161115184725,0.016056863244063645,2.6054747684389428,14.43375692447278,4.487175260105022e-05,0.007334010515861908,0.007378882268462958
0.004259999999999995,2022377.7603510108,577.9415116992623,2819.351582004447,0.6432278005490083,0.01609249295467263,2.6060199174832546,14.436045642357083,4.5181183890470397e-05,0.007333701084572488,0.007378882268462958
0.004269999999999994,2022830.184894894,577.9787522364926,2819.3897570502404,0.6432948137171174,0.016128124554511382,2.606567614283242,14.438344762187178,4.549213538580809e-05,0.00733339013307715,0.007378882268462958
0.004279999999999994,2023284.734876242,578.0161707129195,2819.4281148035875,0.6433621558032862,0.016163758052960754,2.607117866050058,14.440654310027904,4.580461219739778e-05,0.0073330776562655605,0.007378882268462958
0.0042899999999999935,2023741.4164760287,578.0537676833826,2819.466655834307,0.6434298279256928,0.016199393459434285,2.6076706800098663,14.4429743119706,4.611861945248554e-05,0.007332763649010473,0.007378882268462958
0.004299999999999993,2024200.2358895645,578.0915437043502,2819.5053807138843,0.643497831206486,0.016235030783378318,2.6082260634039227,14.4453047941332,4.643416229532667e-05,0.007332448106167631,0.007378882268462958
0.004309999999999993,2024661.1993265762,578.1294993339286,2819.544290015481,0.6435661667718099,0.016270670034272124,2.6087840234886563,14.44764578266034,4.675124588728366e-05,0.007332131022575674,0.007378882268462958
0.004319999999999992,2025124.3130112882,578.1676351318733,2819.5833843139467,0.6436348357518303,0.016306311221628025,2.6093445675357496,14.449997303723423,4.70698754069248e-05,0.007331812393056033,0.007378882268462958
0.004329999999999992,2025589.5831825042,578.2059516595991,2819.6226641858298,0.6437038392807625,0.01634195435499151,2.609907702832224,14.452359383520747,4.7390056050123234e-05,0.007331492212412835,0.007378882268462958
0.0043399999999999914,2026057.016093688,578.2444494801903,2819.662130209387,0.643773178496895,0.01637759944394137,2.610473436680519,14.45473204827758,4.7711793030156454e-05,0.007331170475432802,0.007378882268462958
0.004349999999999991,2026526.618013047,578.2831291584117,2819.701782964596,0.6438428545426186,0.016413246498089805,2.6110417763985754,14.457115324246246,4.803509157780648e-05,0.007330847176885152,0.007378882268462958
0.004359999999999991,2026998.3952236127,578.3219912607192,2819.741623033164,0.6439128685644511,0.016448895527082567,2.6116127293199214,14.459509237706248,4.835995694146026e-05,0.007330522311521498,0.007378882268462958
0.00436999999999999,2027472.354023326,578.3610363552698,2819.781650998541,0.6439832217130663,0.016484546540599068,2.612186302793753,14.461913814964339,4.8686394387211e-05,0.007330195874075747,0.007378882268462958
0.00437999999999999,2027948.5007251182,578.4002650119334,2819.821867445928,0.6440539151433189,0.016520199548352522,2.61276250418502,14.46432908235461,4.9014409198959577e-05,0.007329867859263999,0.007378882268462958
0.004389999999999989,2028426.8416569966,578.4396778023028,2819.8622729622916,0.6441249500142735,0.016555854560090063,2.613341340874509,14.466755066238603,4.9344006678516776e-05,0.007329538261784441,0.007378882268462958
0.004399999999999989,2028907.3831621273,578.4792752997048,2819.902868136372,0.6441963274892311,0.01659151158559287,2.6139228202589293,14.469191793005397,4.967519214570598e-05,0.007329207076317252,0.007378882268462958
0.004409999999999989,2029390.1315989206,578.5190580792113,2819.943653558696,0.6442680487357575,0.0166271706346763,2.6145069497509974,14.47163928907169,5.000797093846622e-05,0.007328874297524492,0.007378882268462958
0.004419999999999988,2029875.0933411154,578.5590267176501,2819.984629821588,0.6443401149257099,0.016662831717190026,2.6150937367795213,14.474097580881917,5.0342348412956106e-05,0.0073285399200500026,0.007378882268462958
0.004429999999999988,2030362.2747778648,578.5991817936163,2820.02579751918,0.644412527235266,0.016698494843018153,2.6156831887894896,14.476566694908302,5.06783299436579e-05,0.007328203938519301,0.007378882268462958
0.004439999999999987,2030851.6823138222,578.6395238874828,2820.067157247425,0.6444852868449519,0.016734160022079357,2.6162753132421535,14.479046657650994,5.10159209234825e-05,0.007327866347539476,0.007378882268462958
0.004449999999999987,2031343.3223692272,578.6800535814123,2820.1087096041074,0.6445583949396703,0.016769827264327016,2.6168701176151172,14.481537495638134,5.1355126763874603e-05,0.007327527141699083,0.007378882268462958
0.0044599999999999865,2031837.201379992,578.7207714593682,2820.1504551888547,0.6446318527087284,0.016805496579749342,2.6174676094024227,14.48403923542595,5.169595289491874e-05,0.00732718631556804,0.007378882268462958
0.004469999999999986,2032333.3257977895,578.7616781071258,2820.1923946031493,0.6447056613458687,0.016841167978369515,2.618067796114639,14.486551903598857,5.2038404765445626e-05,0.007326843863697512,0.007378882268462958
0.004479999999999986,2032831.7020901393,578.8027741122843,2820.23452845034,0.6447798220492955,0.016876841470245818,2.6186706852789463,14.489075526769533,5.2382487843139225e-05,0.007326499780619819,0.007378882268462958
0.004489999999999985,2033332.3367404968,578.8440600642775,2820.276857335653,0.6448543360217062,0.016912517065471776,2.6192762844392288,14.491610131579032,5.2728207614644214e-05,0.007326154060848314,0.007378882268462958
0.004499999999999985,2033835.2362483416,578.8855365543864,2820.319381866206,0.6449292044703177,0.016948194774176282,2.6198846011561603,14.494155744696851,5.307556958567418e-05,0.007325806698877284,0.007378882268462958
0.0045099999999999845,2034340.4071292656,578.9272041757496,2820.362102651018,0.6450044286068997,0.016983874606523747,2.620495643007294,14.496712392821044,5.342457928112024e-05,0.007325457689181838,0.007378882268462958
0.004519999999999984,2034847.855915063,578.9690635233763,2820.405020301022,0.6450800096478013,0.017019556572714232,2.6211094175871525,14.499280102678286,5.3775242245160305e-05,0.007325107026217798,0.007378882268462958
0.004529999999999984,2035357.5891538197,579.0111151941575,2820.448135429078,0.6451559488139826,0.017055240682983586,2.6217259325073154,14.501858901023992,5.41275640413689e-05,0.00732475470442159,0.007378882268462958
0.004539999999999983,2035869.613410003,579.0533597868774,2820.4914486499824,0.6452322473310447,0.017090926947603582,2.6223451953965125,14.504448814642384,5.4481550252827504e-05,0.007324400718210131,0.007378882268462958
0.004549999999999983,2036383.9352645534,579.0957979022264,2820.534960580484,0.6453089064292583,0.017126615376882072,2.6229672139007123,14.507049870346595,5.483720648223553e-05,0.007324045061980723,0.007378882268462958
0.0045599999999999825,2036900.5613149747,579.1384301428122,2820.5786718392933,0.6453859273435968,0.017162305981163115,2.6235919956832148,14.509662094978752,5.5194538352021925e-05,0.007323687730110937,0.007378882268462958
0.004569999999999982,2037419.4981754257,579.1812571131725,2820.6225830470967,0.645463311313765,0.017197998770827127,2.624219548424739,14.512285515410067,5.5553551504457264e-05,0.007323328716958501,0.007378882268462958
0.004579999999999982,2037940.7524768123,579.224279419787,2820.666694826568,0.6455410595842306,0.017233693756291017,2.62484987982352,14.514920158540914,5.591425160176643e-05,0.007322968016861192,0.007378882268462958
0.004589999999999981,2038464.3308668805,579.2674976710894,2820.7110078023807,0.6456191734042569,0.01726939094800834,2.625482997595398,14.517566051300944,5.627664432624198e-05,0.0073226056241367165,0.007378882268462958
0.004599999999999981,2038990.240010308,579.3109124774802,2820.7555226012223,0.6456976540279311,0.01730509035646944,2.626118909473911,14.520223220649147,5.6640735380358014e-05,0.0073222415330826,0.007378882268462958
0.00460999999999998,2039518.4865887994,579.3545244513389,2820.8002398518047,0.6457765027141987,0.01734079199220159,2.6267576232103895,14.522891693573955,5.700653048688472e-05,0.007321875737976074,0.007378882268462958
0.00461999999999998,2040049.0773011781,579.3983342070362,2820.845160184879,0.6458557207268936,0.01737649586576915,2.627399146574048,14.525571497093324,5.737403538900352e-05,0.007321508233073955,0.007378882268462958
0.00462999999999998,2040582.0188634822,579.4423423609475,2820.8902842332473,0.6459353093347702,0.017412201987773712,2.628043487352082,14.528262658254816,5.7743255850422675e-05,0.007321139012612536,0.007378882268462958
0.004639999999999979,2041117.3180090585,579.4865495314641,2820.935612631776,0.6460152698115371,0.01744791036885424,2.6286906533497563,14.530965204135706,5.811419765549381e-05,0.007320768070807464,0.007378882268462958
0.004649999999999979,2041654.981488658,579.5309563390076,2820.9811460174083,0.6460956034358872,0.01748362101968723,2.629340652390509,14.533679161843036,5.8486866609328564e-05,0.00732039540185363,0.007378882268462958
0.004659999999999978,2042195.0160705321,579.5755634060414,2821.026885029178,0.6461763114915329,0.017519333950986857,2.629993492316036,14.536404558513732,5.886126853791655e-05,0.007320020999925042,0.007378882268462958
0.004669999999999978,2042737.428540528,579.6203713570842,2821.072830308223,0.6462573952672362,0.017555049173505134,2.630649180986398,14.539141421314676,5.923740928824317e-05,0.007319644859174715,0.007378882268462958
0.004679999999999978,2043282.2257021863,579.6653808187232,2821.118982497797,0.6463388560568444,0.017590766698032057,2.631307726280105,14.541889777442789,5.961529472840878e-05,0.007319266973734549,0.007378882268462958
0.004689999999999977,2043829.4143768377,579.7105924196266,2821.165342243285,0.6464206951593218,0.017626486535395756,2.6319691360942223,14.54464965412512,5.999493074774786e-05,0.0073188873377152104,0.007378882268462958
0.004699999999999977,2044379.0014037008,579.7560067905572,2821.2119101922153,0.6465029138787841,0.01766220869646266,2.632633418344462,14.547421078618928,6.037632325694924e-05,0.007318505945206009,0.007378882268462958
0.004709999999999976,2044930.9936399807,579.8016245643855,2821.2586869942743,0.6465855135245315,0.017697933192137652,2.6333005809652823,14.55020407821177,6.075947818817683e-05,0.007318122790274781,0.007378882268462958
0.004719999999999976,2045485.3979609676,579.8474463761031,2821.3056733013173,0.6466684954110832,0.01773366003336422,2.633970631909986,14.552998680221592,6.114440149519103e-05,0.007317737866967767,0.007378882268462958
0.0047299999999999755,2046042.221260136,579.893472862836,2821.3528697673864,0.6467518608582116,0.017769389231124613,2.6346435791508163,14.555804911996791,6.153109915347065e-05,0.007317351169309488,0.007378882268462958
0.004739999999999975,2046601.4704492441,579.9397046638583,2821.4002770487214,0.6468356111909762,0.017805120796440015,2.6353194306790586,14.558622800916318,6.191957716033564e-05,0.0073169626913026226,0.007378882268462958
0.004749999999999975,2047163.1524584352,579.9861424206055,2821.4478958037744,0.6469197477397596,0.017840854740370688,2.635998194505138,14.56145237438975,6.230984153507053e-05,0.0073165724269278875,0.007378882268462958
0.004759999999999974,2047727.274236337,580.0327867766886,2821.495726693224,0.6470042718403011,0.01787659107401614,2.6366798786587187,14.564293659857375,6.270189831904821e-05,0.00731618037014391,0.007378882268462958
0.004769999999999974,2048293.842750164,580.0796383779076,2821.5437703799894,0.6470891848337323,0.017912329808515294,2.637364491188804,14.567146684790277,6.309575357585477e-05,0.007315786514887104,0.007378882268462958
0.0047799999999999735,2048862.864985819,580.1266978722654,2821.592027529245,0.647174488066614,0.01794807095504664,2.6380520401638403,14.570011476690421,6.349141339141479e-05,0.007315390855071544,0.007378882268462958
0.004789999999999973,2049434.3479479954,580.1739659099818,2821.640498808433,0.6472601828909694,0.0179838145248284,2.6387425336718118,14.57288806309071,6.388888387411734e-05,0.007314993384588841,0.007378882268462958
0.004799999999999973,2050008.2986602802,580.2214431435077,2821.6891848872815,0.6473462706643219,0.01801956052911871,2.6394359798203464,14.575776471555097,6.428817115494261e-05,0.007314594097308016,0.007378882268462958
0.004809999999999972,2050584.7241652573,580.2691302275388,2821.738086437813,0.6474327527497306,0.018055308979215767,2.64013238673682,14.578676729678651,6.468928138758938e-05,0.007314192987075369,0.007378882268462958
0.004819999999999972,2051163.6315246115,580.3170278190305,2821.7872041343653,0.6475196305158263,0.018091059886458,2.64083176256845,14.581588865087623,6.509222074860309e-05,0.007313790047714356,0.007378882268462958
0.0048299999999999715,2051745.0278192332,580.3651365772118,2821.8365386536016,0.6476069053368497,0.018126813262224248,2.64153411548241,14.584512905439547,6.549699543750441e-05,0.007313385273025454,0.007378882268462958
0.004839999999999971,2052328.9201493233,580.4134571635998,2821.8860906745285,0.6476945785926879,0.018162569117933923,2.6422394536659226,14.587448878423311,6.590361167691888e-05,0.007312978656786039,0.007378882268462958
0.004849999999999971,2052915.3156344986,580.4619902420143,2821.935860878508,0.6477826516689092,0.018198327465047178,2.6429477853263705,14.590396811759229,6.631207571270706e-05,0.0073125701927502515,0.007378882268462958
0.00485999999999997,2053504.221413898,580.5107364785922,2821.985849949275,0.6478711259568053,0.01823408831506509,2.6436591186913962,14.593356733199123,6.672239381409517e-05,0.007312159874648863,0.007378882268462958
0.00486999999999997,2054095.6446462898,580.5596965418027,2822.03605857295,0.6479600028534238,0.01826985167952982,2.6443734620090105,14.596328670526395,6.7134572273807e-05,0.007311747696189151,0.007378882268462958
0.004879999999999969,2054689.592510178,580.6088711024616,2822.086487438057,0.6480492837616102,0.018305617570024798,2.6450908235476955,14.599312651556119,6.754861740819583e-05,0.007311333651054763,0.007378882268462958
0.004889999999999969,2055286.0722039107,580.6582608337468,2822.1371372355356,0.6481389700900444,0.018341385998174888,2.64581121159651,14.602308704135092,6.796453555737777e-05,0.00731091773290558,0.007378882268462958
0.004899999999999969,2055885.0909457882,580.7078664112128,2822.1880086587594,0.64822906325328,0.018377156975646573,2.646534634465199,14.605316856141922,6.83823330853652e-05,0.007310499935377593,0.007378882268462958
0.004909999999999968,2056486.6559741725,580.7576885128057,2822.239102403549,0.6483195646717826,0.018412930514148128,2.6472611004842967,14.608337135487124,6.880201638020146e-05,0.007310080252082757,0.007378882268462958
0.004919999999999968,2057090.774547596,580.8077278188794,2822.29041916819,0.6484104757719684,0.018448706625429804,2.647990618005236,14.611369570113137,6.92235918540959e-05,0.007309658676608862,0.007378882268462958
0.004929999999999967,2057697.4539448724,580.8579850122098,2822.341959653446,0.6485017979862455,0.018484485321283998,2.6487231954004558,14.614414187994464,6.964706594355989e-05,0.007309235202519399,0.007378882268462958
0.004939999999999967,2058306.7014652065,580.908460778011,2822.393724562576,0.6485935327530519,0.018520266613545448,2.649458841063509,14.617471017137698,7.007244510954344e-05,0.007308809823353414,0.007378882268462958
0.004949999999999967,2058918.5244283064,580.9591558039504,2822.4457146013515,0.6486856815168951,0.0185560505140914,2.650197563409172,14.620540085581613,7.049973583757275e-05,0.007308382532625385,0.007378882268462958
0.004959999999999966,2059532.9301744946,581.0100707801644,2822.497930478069,0.6487782457283945,0.0185918370348418,2.6509393708735542,14.623621421397239,7.092894463788823e-05,0.00730795332382507,0.007378882268462958
0.004969999999999966,2060149.926064821,581.0612063992745,2822.5503729035695,0.6488712268443195,0.018627626187759483,2.6516842719142057,14.626715052687912,7.136007804558354e-05,0.007307522190417375,0.007378882268462958
0.004979999999999965,2060769.5194811753,581.1125633564028,2822.6030425912527,0.6489646263276322,0.018663417984850352,2.6524322750102307,14.629821007589372,7.179314262074535e-05,0.007307089125842213,0.007378882268462958
0.004989999999999965,2061391.7178264016,581.1641423491882,2822.655940257095,0.6490584456475272,0.01869921243816356,2.6531833886623954,14.632939314269812,7.222814494859379e-05,0.007306654123514365,0.007378882268462958
0.0049999999999999645,2062016.5285244111,581.2159440778022,2822.709066619664,0.649152686279474,0.018735009559791713,2.653937621393243,14.636070000929951,7.266509163962351e-05,0.007306217176823335,0.007378882268462958
0.005009999999999964,2062643.959020299,581.2679692449653,2822.7624224001365,0.6492473497052578,0.01877080936187105,2.6546949817472014,14.639213095803115,7.310398932974612e-05,0.007305778279133212,0.007378882268462958
0.005019999999999964,2063274.0167804577,581.3202185559634,2822.8160083223142,0.6493424374130226,0.01880661185658163,2.6554554782906994,14.642368627155287,7.354484468043263e-05,0.007305337423782526,0.007378882268462958
0.005029999999999963,2063906.709292695,581.3726927186639,2822.8698251126425,0.649437950897312,0.01884241705614753,2.656219119612277,14.645536623285178,7.398766437885728e-05,0.007304894604084101,0.007378882268462958
0.005039999999999963,2064542.044066349,581.4253924435322,2822.923873500224,0.6495338916591139,0.01887822497283705,2.6569859143227004,14.64871711252431,7.443245513804187e-05,0.007304449813324916,0.007378882268462958
0.0050499999999999625,2065180.028632407,581.4783184436491,2822.9781542168384,0.6496302612059008,0.018914035618962877,2.657755871055076,14.65191012323705,7.487922369700108e-05,0.007304003044765957,0.007378882268462958
0.005059999999999962,2065820.6705436225,581.5314714347264,2823.0326679969585,0.6497270610516759,0.01894984900688231,2.6585289984649645,14.655115683820709,7.53279768208883e-05,0.00730355429164207,0.007378882268462958
0.005069999999999962,2066463.977374633,581.5848521351247,2823.0874155777683,0.6498242927170145,0.018985665148997438,2.659305305230495,14.658333822705574,7.57787213011427e-05,0.007303103547161816,0.007378882268462958
0.005079999999999961,2067109.9567220816,581.6384612658699,2823.1423976991787,0.6499219577291084,0.019021484057755354,2.6600848000524837,14.661564568354997,7.623146395563663e-05,0.007302650804507322,0.007378882268462958
0.005089999999999961,2067758.6162047344,581.6922995506703,2823.197615103846,0.6500200576218111,0.019057305745648345,2.660867491654547,14.664807949265443,7.668621162882429e-05,0.007302196056834134,0.007378882268462958
0.0050999999999999605,2068409.9634636026,581.7463677159343,2823.2530685371908,0.6501185939356813,0.019093130225214094,2.66165338878322,14.668063993966552,7.714297119189107e-05,0.007301739297271067,0.007378882268462958
0.00510999999999996,2069064.0061620628,581.8006664907871,2823.3087587474124,0.6502175682180273,0.01912895750903588,2.6624425002080745,14.67133273102121,7.760174954290348e-05,0.007301280518920055,0.007378882268462958
0.00511999999999996,2069720.7519859788,581.8551966070886,2823.364686485511,0.6503169820229542,0.019164787609742794,2.663234834721834,14.674614189025588,7.806255360696035e-05,0.007300819714855998,0.007378882268462958
0.005129999999999959,2070380.208643825,581.9099587994506,2823.4208525053014,0.6504168369114065,0.019200620540009924,2.6640304011404945,14.677908396609233,7.852539033634453e-05,0.007300356878126614,0.007378882268462958
0.005139999999999959,2071042.3838668086,581.9649538052552,2823.4772575634343,0.6505171344512165,0.019236456312558582,2.664829208303444,14.68121538243509,7.899026671067563e-05,0.007299892001752283,0.007378882268462958
0.005149999999999958,2071707.2854089935,582.0201823646717,2823.5339024194127,0.65061787621715,0.019272294940156497,2.6656312650735803,14.68453517519959,7.94571897370636e-05,0.007299425078725895,0.007378882268462958
0.005159999999999958,2072374.9210474251,582.0756452206753,2823.590787835612,0.6507190637909507,0.019308136435618024,2.6664365803374324,14.68786780363269,7.992616645026302e-05,0.007298956102012695,0.007378882268462958
0.005169999999999958,2073045.2985822554,582.1313431190648,2823.6479145772955,0.6508206987613897,0.01934398081180437,2.6672451630052807,14.691213296497924,8.039720391282845e-05,0.0072984850645501295,0.007378882268462958
0.005179999999999957,2073718.4258368686,582.1872768084812,2823.705283412637,0.6509227827243121,0.01937982808162379,2.6680570220112783,14.694571682592477,8.087030921527067e-05,0.0072980119592476874,0.007378882268462958
0.005189999999999957,2074394.3106580079,582.2434470404256,2823.762895112736,0.6510253172826835,0.019415678258031806,2.6688721663135744,14.697942990747213,8.134548947621356e-05,0.007297536778986744,0.007378882268462958
0.005199999999999956,2075072.9609159022,582.2998545692776,2823.8207504516386,0.6511283040466392,0.01945153135403142,2.6696906048944338,14.701327249826765,8.182275184255222e-05,0.007297059516620406,0.007378882268462958
0.005209999999999956,2075754.3845043946,582.3565001523145,2823.878850206356,0.6512317446335306,0.019487387382673332,2.670512346760363,14.704724488729541,8.23021034896115e-05,0.007296580164973347,0.007378882268462958
0.005219999999999956,2076438.589341071,582.4133845497296,2823.937195156884,0.6513356406679764,0.01952324635705616,2.6713374009422313,14.708134736387807,8.278355162130606e-05,0.007296098716841652,0.007378882268462958
0.005229999999999955,2077125.5833673887,582.4705085246509,2823.9957860862214,0.6514399937819103,0.019559108290326654,2.6721657764953988,14.711558021767727,8.326710347030076e-05,0.007295615164992658,0.007378882268462958
0.005239999999999955,2077815.3745488073,582.5278728431604,2824.0546237803906,0.651544805614629,0.01959497319567991,2.672997482499836,14.714994373869423,8.375276629817234e-05,0.007295129502164786,0.007378882268462958
0.005249999999999954,2078507.9708749186,582.5854782743132,2824.1137090284556,0.6516500778128449,0.019630841086359617,2.673832528060255,14.718443821726996,8.424054739557175e-05,0.0072946417210673865,0.007378882268462958
0.005259999999999954,2079203.380359579,582.643325590157,2824.1730426225427,0.6517558120307329,0.019666711975658245,2.6746709223062313,14.721906394408597,8.473045408238772e-05,0.00729415181438057,0.007378882268462958
0.0052699999999999535,2079901.6110410409,582.7014155657508,2824.2326253578617,0.6518620099299846,0.0197025858769173,2.6755126743923308,14.725382121016462,8.52224937079109e-05,0.0072936597747550475,0.007378882268462958
0.005279999999999953,2080602.6709820856,582.759748979185,2824.2924580327235,0.6519686731798555,0.019738462803527538,2.6763577934982403,14.728871030686973,8.571667365099927e-05,0.007293165594811959,0.007378882268462958
0.005289999999999953,2081306.5682701578,582.8183266116012,2824.3525414485607,0.6520758034572182,0.019774342768929185,2.677206288828893,14.732373152590668,8.621300132024424e-05,0.007292669267142714,0.007378882268462958
0.005299999999999952,2082013.311017499,582.8771492472115,2824.412876409949,0.6521834024466143,0.01981022578661218,2.678058169614599,14.735888515932322,8.671148415413794e-05,0.007292170784308821,0.007378882268462958
0.005309999999999952,2082722.9073612834,582.9362176733188,2824.473463724628,0.6522914718403058,0.0198461118701164,2.6789134451111685,14.739417149950967,8.721212962124111e-05,0.007291670138841717,0.007378882268462958
0.0053199999999999515,2083435.365463753,582.995532680337,2824.5343042035183,0.6524000133383263,0.01988200103303189,2.679772124600051,14.742959083919926,8.771494522035245e-05,0.007291167323242606,0.007378882268462958
0.005329999999999951,2084150.6935123552,583.0550950618111,2824.5953986607474,0.6525090286485369,0.019917893288999105,2.6806342173884588,14.746514347146876,8.821993848067856e-05,0.00729066232998228,0.007378882268462958
0.005339999999999951,2084868.8997198793,583.1149056144376,2824.6567479136656,0.6526185194866766,0.019953788651709138,2.6814997328095003,14.750082968973867,8.872711696200495e-05,0.007290155151500954,0.007378882268462958
0.00534999999999995,2085589.9923245953,583.174965138085,2824.718352782871,0.6527284875764168,0.01998968713490396,2.682368680222312,14.753664978777365,8.923648825486812e-05,0.00728964578020809,0.007378882268462958
0.00535999999999995,2086313.9795903927,583.2352744358147,2824.7802140922277,0.6528389346494158,0.020025588752376648,2.683241069012191,14.757260405968285,8.974805998072856e-05,0.00728913420848223,0.007378882268462958
0.0053699999999999495,2087040.8698069197,583.2958343139018,2824.8423326688894,0.6529498624453727,0.020061493517971648,2.684116908590726,14.760869279992038,9.026183979214476e-05,0.007288620428670813,0.007378882268462958
0.005379999999999949,2087770.6712897248,583.3566455818558,2824.904709343319,0.6530612727120823,0.020097401445585,2.6849962083959342,14.764491630328541,9.077783537294821e-05,0.00728810443309001,0.007378882268462958
0.005389999999999949,2088503.392380397,583.4177090524421,2824.9673449493116,0.6531731672054915,0.020133312549164582,2.685878977892394,14.768127486492274,9.129605443841951e-05,0.007287586214024539,0.007378882268462958
0.005399999999999948,2089239.0414467086,583.4790255417032,2825.0302403240157,0.6532855476897527,0.02016922684271036,2.6867652265713784,14.771776878032291,9.181650473546545e-05,0.007287065763727492,0.007378882268462958
0.005409999999999948,2089977.6268827578,583.5405958689802,2825.093396307954,0.6533984159372815,0.02020514434027464,2.6876549639509943,14.775439834532268,9.233919404279694e-05,0.007286543074420161,0.007378882268462958
0.005419999999999947,2090719.157109112,583.6024208569345,2825.1568137450495,0.6535117737288135,0.020241065055962296,2.6885481995763145,14.779116385610504,9.286413017110832e-05,0.00728601813829185,0.007378882268462958
0.005429999999999947,2091463.6405729537,583.6645013315692,2825.2204934826427,0.6536256228534615,0.020276989003931045,2.6894449430195198,14.782806560919983,9.339132096325741e-05,0.007285490947499701,0.007378882268462958
0.005439999999999947,2092211.085748224,583.7268381222514,2825.2844363715167,0.6537399651087711,0.020312916198391682,2.6903452038800313,14.786510390148376,9.392077429444687e-05,0.007284961494168511,0.007378882268462958
0.005449999999999946,2092961.5011357702,583.7894320617343,2825.3486432659192,0.6538548023007795,0.020348846653608338,2.6912489917846543,14.790227903018064,9.445249807240627e-05,0.007284429770390552,0.007378882268462958
0.005459999999999946,2093714.8952634921,583.8522839861795,2825.413115023586,0.6539701362440753,0.020384780383898744,2.692156316387712,14.793959129286172,9.498650023757569e-05,0.007283895768225383,0.007378882268462958
0.005469999999999945,2094471.2766864898,583.9153947351789,2825.477852505765,0.6540859687618561,0.02042071740363447,2.693067187371188,14.79770409874459,9.552278876328995e-05,0.0072833594796996685,0.007378882268462958
0.005479999999999945,2095230.6539872126,583.9787651517779,2825.5428565772345,0.6542023016859861,0.0204566577272412,2.6939816144448674,14.801462841219989,9.606137165596417e-05,0.007282820896806994,0.007378882268462958
0.005489999999999945,2095993.0357756086,584.0423960824983,2825.6081281063316,0.6543191368570588,0.020492601369198983,2.6948996073464766,14.805235386573827,9.660225695528041e-05,0.007282280011507678,0.007378882268462958
0.005499999999999944,2096758.4306892748,584.1062883773603,2825.6736679649734,0.654436476124456,0.0205285483440425,2.6958211758418265,14.809021764702397,9.714545273437525e-05,0.007281736815728583,0.007378882268462958
0.005509999999999944,2097526.847393608,584.1704428899066,2825.7394770286814,0.6545543213464076,0.020564498666361324,2.6967463297249514,14.812822005536816,9.76909671000288e-05,0.00728119130136293,0.007378882268462958
0.005519999999999943,2098298.2945819586,584.234860477225,2825.805556176604,0.6546726743900533,0.020600452350800186,2.6976750788182584,14.816636139043045,9.823880819285429e-05,0.007280643460270104,0.007378882268462958
0.005529999999999943,2099072.7809757804,584.2995419999723,2825.871906291542,0.6547915371315044,0.02063640941205925,2.6986074329726653,14.820464195221906,9.878898418748939e-05,0.007280093284275469,0.007378882268462958
0.0055399999999999425,2099850.315324788,584.3644883223977,2825.9385282599715,0.6549109114559063,0.02067236986489437,2.699543402067749,14.824306204109098,9.93415032927882e-05,0.00727954076517017,0.007378882268462958
0.005549999999999942,2100630.9064071085,584.4297003123667,2826.00542297207,0.6550307992574994,0.020708333724117373,2.7004829960118895,14.828162195775185,9.989637375201461e-05,0.007278985894710943,0.007378882268462958
0.005559999999999942,2101414.5630294397,584.4951788413847,2826.072591321738,0.6551512024396846,0.02074430100459632,2.7014262247424172,14.832032200325635,0.0001004536038430367,0.007278428664619922,0.007378882268462958
0.005569999999999941,2102201.2940272046,584.5609247846219,2826.1400342066263,0.6552721229150844,0.02078027172125579,2.7023730982257583,14.835916247900798,0.00010101320187852237,0.007277869066584436,0.007378882268462958
0.005579999999999941,2102991.10826471,584.6269390209368,2826.2077525281607,0.6553935626056091,0.02081624588907716,2.7033236264575824,14.83981436867593,0.00010157517620613606,0.007277307092256822,0.007378882268462958
0.0055899999999999405,2103784.014635304,584.6932224329013,2826.275747191565,0.6555155234425197,0.020852223523098866,2.7042778194629538,14.843726592861188,0.00010213953520873671,0.007276742733254221,0.007378882268462958
0.00559999999999994,2104580.022061536,584.7597759068252,2826.3440191058885,0.6556380073664931,0.020888204638416705,2.705235687296476,14.847652950701626,0.00010270628730457687,0.007276175981158381,0.007378882268462958
0.00560999999999994,2105379.139495317,584.826600332781,2826.41256918403,0.6557610163276896,0.020924189250184102,2.7061972400424454,14.85159347247721,0.00010327544094750295,0.007275606827515455,0.007378882268462958
0.005619999999999939,2106181.375918079,584.8936966046294,2826.481398342765,0.6558845522858159,0.0209601773736124,2.707162487815,14.855548188502794,0.0001038470046271567,0.007275035263835801,0.007378882268462958
0.005629999999999939,2106986.74034094,584.9610656200441,2826.5505075027686,0.656008617210196,0.020996169023971153,2.708131440758271,14.859517129128143,0.00010442098686917802,0.00727446128159378,0.007378882268462958
0.0056399999999999385,2107795.2418048643,585.0287082805371,2826.6198975886455,0.6561332130798336,0.021032164216588396,2.709104109046537,14.8635003247379,0.00010499739623540869,0.007273884872227549,0.007378882268462958
0.005649999999999938,2108606.8893808275,585.0966254914852,2826.689569528953,0.6562583418834825,0.02106816296685095,2.710080502884372,14.867497805751599,0.0001055762413240976,0.007273306027138861,0.007378882268462958
0.005659999999999938,2109421.6921699815,585.1648181621548,2826.7595242562297,0.6563840056197153,0.02110416529020472,2.7110606325068045,14.871509602623647,0.00010615753077010706,0.007272724737692852,0.007378882268462958
0.005669999999999937,2110239.6593038207,585.2332872057291,2826.8297627070197,0.6565102062969905,0.021140171202154966,2.7120445081794693,14.87553574584331,0.00010674127324512054,0.007272140995217838,0.007378882268462958
0.005679999999999937,2111060.7999443477,585.3020335393333,2826.900285821901,0.6566369459337236,0.021176180718266623,2.7130321401987634,14.879576265934707,0.00010732747745785133,0.007271554791005107,0.007378882268462958
0.005689999999999936,2111885.123284242,585.3710580840614,2826.9710945455136,0.6567642265583553,0.021212193854164584,2.7140235388920004,14.883631193456786,0.00010791615215425278,0.007270966116308705,0.007378882268462958
0.005699999999999936,2112712.6385470293,585.4403617650031,2827.042189826583,0.6568920502094227,0.021248210625534007,2.7150187146175715,14.88770055900333,0.00010850730611772952,0.007270374962345229,0.007378882268462958
0.005709999999999936,2113543.3549872497,585.5099455112705,2827.113572617953,0.657020418935631,0.021284231048120616,2.7160176777650964,14.891784393202897,0.00010910094816935038,0.007269781320293608,0.007378882268462958
0.005719999999999935,2114377.2818906303,585.579810256025,2827.1852438766086,0.6571493347959246,0.021320255137731007,2.7170204387555907,14.895882726718845,0.00010969708716806198,0.007269185181294897,0.007378882268462958
0.005729999999999935,2115214.428574255,585.6499569365049,2827.2572045637057,0.6572787998595585,0.02135628291023295,2.7180270080416156,14.899995590249263,0.00011029573201090438,0.007268586536452054,0.007378882268462958
0.005739999999999934,2116054.8043867406,585.7203864940523,2827.3294556446,0.657408816206173,0.0213923143815557,2.719037396107445,14.904123014527,0.0001108968916332271,0.007267985376829731,0.007378882268462958
0.005749999999999934,2116898.4187084064,585.7910998741415,2827.401998088874,0.6575393859258643,0.021428349567690314,2.7200516134692254,14.908265030319585,0.00011150057500890747,0.007267381693454051,0.007378882268462958
0.005759999999999934,2117745.280951453,585.8620980264068,2827.474832870366,0.6576705111192617,0.02146438848468996,2.7210696706751327,14.912421668429223,0.00011210679115056969,0.007266775477312389,0.007378882268462958
0.005769999999999933,2118595.400560135,585.9333819046697,2827.5479609671993,0.6578021938976,0.02150043114867022,2.7220915783055406,14.916592959692775,0.00011271554910980509,0.0072661667193531536,0.007378882268462958
0.005779999999999933,2119448.787010941,586.0049524669685,2827.62138336181,0.6579344363827948,0.021536477575809423,2.7231173469731824,14.9207789349817,0.0001133268579773942,0.007265555410485564,0.007378882268462958
0.005789999999999932,2120305.44981277,586.0768106755861,2827.6951010409775,0.6580672407075197,0.021572527782348964,2.724146987323312,14.924979625202033,0.00011394072688353003,0.0072649415415794285,0.007378882268462958
0.005799999999999932,2121165.3985071094,586.148957497079,2827.7691149958537,0.6582006090152807,0.02160858178459362,2.7251805100338733,14.929195061294347,0.0001145571649980424,0.007264325103464916,0.007378882268462958
0.0058099999999999315,2122028.642668218,586.2213939023062,2827.8434262219916,0.6583345434604948,0.02164463959891187,2.726217925815664,14.933425274233713,0.00011517618153062419,0.007263706086932334,0.007378882268462958
0.005819999999999931,2122895.191903305,586.2941208664587,2827.9180357193754,0.6584690462085673,0.021680701241736235,2.7272592454125024,14.93767029502965,0.00011579778573105845,0.0072630844827319,0.007378882268462958
0.005829999999999931,2123765.055852713,586.3671393690887,2827.992944492453,0.6586041194359702,0.02171676672956359,2.728304479601396,14.941930154726084,0.00011642198688944732,0.007262460281573511,0.007378882268462958
0.00583999999999993,2124638.244190103,586.4404503941394,2828.0681535501617,0.6587397653303205,0.021752836078955503,2.7293536391927096,14.94620488440131,0.00011704879433644191,0.007261833474126516,0.007378882268462958
0.00584999999999993,2125514.7666226355,586.5140549299748,2828.143663905964,0.6588759860904608,0.021788909306538578,2.730406735030333,14.950494515167927,0.00011767821744347422,0.007261204051019484,0.007378882268462958
0.0058599999999999295,2126394.63289116,586.5879539694103,2828.219476577874,0.6590127839265391,0.021824986429004774,2.7314637779918547,14.9547990781728,0.00011831026562298979,0.007260572002839969,0.007378882268462958
0.005869999999999929,2127277.852770399,586.6621485097425,2828.2955925884926,0.6591501610600895,0.021861067463111748,2.7325247789887297,14.959118604596988,0.00011894494832868239,0.007259937320134276,0.007378882268462958
0.005879999999999929,2128164.436069137,586.73663955278,2828.3720129650346,0.6592881197241143,0.0218971524256832,2.7335897489664536,14.963453125655718,0.0001195822750557296,0.007259299993407228,0.007378882268462958
0.005889999999999928,2129054.39263041,586.8114281048748,2828.4487387393638,0.6594266621631659,0.02193324133360921,2.7346586989047337,14.967802672598296,0.00012022225534103041,0.007258660013121928,0.007378882268462958
0.005899999999999928,2129947.732331695,586.8865151769528,2828.525770948021,0.6595657906334296,0.021969334203846586,2.7357316398176676,14.97216727670805,0.00012086489876344385,0.007258017369699514,0.007378882268462958
0.0059099999999999275,2130844.465085102,586.9619017845454,2828.6031106322616,0.6597055074028089,0.022005431053419216,2.7368085827539104,14.976546969302273,0.00012151021494402947,0.007257372053518929,0.007378882268462958
0.005919999999999927,2131744.600837565,587.0375889478211,2828.680758838082,0.6598458147510072,0.022041531899418404,2.737889538796856,14.980941781732163,0.00012215821354628892,0.007256724054916669,0.007378882268462958
0.005929999999999927,2132648.1495710392,587.1135776916175,2828.7587166162557,0.6599867149696153,0.022077636759003236,2.738974519064814,14.985351745382742,0.0001228089042764092,0.007256073364186549,0.007378882268462958
0.005939999999999926,2133555.1213026913,587.1898690454733,2828.836985022366,0.660128210362195,0.022113745649400933,2.7400635347111817,14.989776891672774,0.0001234622968835077,0.0072554199715794505,0.007378882268462958
0.005949999999999926,2134465.526085099,587.2664640436609,2828.9155651168376,0.6602703032443683,0.0221498585879072,2.7411565969246294,14.994217252054712,0.00012411840115987829,0.00725476386730308,0.007378882268462958
0.005959999999999925,2135379.374006448,587.3433637252185,2828.994457964971,0.6604129959439019,0.022185975591886592,2.742253716929275,14.998672858014608,0.00012477722694123933,0.007254105041521719,0.007378882268462958
0.005969999999999925,2136296.675190727,587.4205691339839,2829.073664636975,0.6605562908007973,0.022222096678772875,2.743354905984866,15.003143741072027,0.00012543878410698294,0.0072534434843559755,0.007378882268462958
0.005979999999999925,2137217.439797934,587.4980813186268,2829.1531862080037,0.660700190167378,0.0222582218660694,2.74446017538696,15.007629932779974,0.00012610308258042605,0.0072527791858825325,0.007378882268462958
0.005989999999999924,2138141.6780242706,587.5759013326825,2829.2330237581855,0.6608446964083803,0.02229435117134945,2.745569536467111,15.01213146472481,0.00012677013232906308,0.007252112136133896,0.007378882268462958
0.005999999999999924,2139069.4001023476,587.6540302345861,2829.313178372663,0.6609898119010418,0.02233048461225663,2.7466830005930443,15.016648368526141,0.0001274399433648198,0.007251442325098139,0.007378882268462958
0.006009999999999923,2140000.616301389,587.732469087706,2829.3936511416236,0.6611355390351946,0.02236662220650523,2.74780057916885,15.021180675836751,0.00012811252574430922,0.007250769742718649,0.007378882268462958
0.006019999999999923,2140935.3369274344,587.811218960378,2829.474443160337,0.6612818802133558,0.022402763971880606,2.74892228363516,15.025728418342494,0.00012878788956908902,0.007250094378893869,0.007378882268462958
0.006029999999999923,2141873.572323547,587.8902809259404,2829.5555555291894,0.6614288378508191,0.022438909926239554,2.750048125469341,15.030291627762194,0.0001294660449859203,0.007249416223477038,0.007378882268462958
0.006039999999999922,2142815.3328700205,587.9696560627681,2829.6369893537185,0.6615764143757501,0.022475060087510688,2.7511781161856774,15.034870335847554,0.00013014700218702828,0.00724873526627593,0.007378882268462958
0.006049999999999922,2143760.6289845863,588.0493454543085,2829.718745744651,0.6617246122292791,0.02251121447369483,2.7523122673355602,15.039464574383038,0.00013083077141036462,0.007248051497052594,0.007378882268462958
0.006059999999999921,2144709.471122625,588.1293501891164,2829.800825817938,0.6618734338655972,0.022547373102865403,2.753450590507677,15.044074375185767,0.00013151736293987124,0.007247364905523087,0.007378882268462958
0.006069999999999921,2145661.869777376,588.2096713608895,2829.88323069479,0.6620228817520505,0.022583535993168792,2.754593097328199,15.048699770105419,0.00013220678710574598,0.007246675481357212,0.007378882268462958
0.0060799999999999205,2146617.835480152,588.2903100685049,2829.9659615017163,0.662172958369238,0.022619703162824772,2.7557397994609794,15.053340791024096,0.00013289905428470953,0.007245983214178249,0.007378882268462958
0.00608999999999992,2147577.378800552,588.3712674160552,2830.04901937056,0.6623236662111082,0.022655874630126884,2.7568907086077363,15.057997469856218,0.00013359417490027502,0.0072452880935626835,0.007378882268462958
0.00609999999999992,2148540.5103466744,588.4525445128845,2830.132405438537,0.6624750077850582,0.022692050413442827,2.7580458365082525,15.0626698385484,0.00013429215942301818,0.00724459010903994,0.007378882268462958
0.006109999999999919,2149507.2407653374,588.534142473626,2830.216120848271,0.6626269856120323,0.02272823053121487,2.759205194940567,15.067357929079332,0.00013499301837084987,0.007243889250092108,0.007378882268462958
0.006119999999999919,2150477.5807422935,588.6160624182388,2830.3001667478347,0.6627796022266212,0.02276441500196025,2.760368795721171,15.072061773459644,0.0001356967623092903,0.007243185506153668,0.007378882268462958
0.0061299999999999185,2151451.541002451,588.6983054720455,2830.384544290786,0.6629328601771642,0.022800603844271586,2.761536650705205,15.076781403731772,0.00013640340185174483,0.0072424788666112135,0.007378882268462958
0.006139999999999918,2152429.132310093,588.7808727657696,2830.469254636207,0.6630867620258504,0.022836797076817274,2.7627087717866523,15.08151685196984,0.00013711294765978178,0.007241769320803177,0.007378882268462958
0.006149999999999918,2153410.3654691,588.8637654355741,2830.5542989487426,0.6632413103488203,0.022872994718341914,2.7638851708985435,15.086268150279492,0.00013782541044341163,0.007241056858019547,0.007378882268462958
0.006159999999999917,2154395.2513231747,588.9469846230999,2830.6396783986415,0.6633965077362711,0.022909196787666713,2.7650658600131504,15.091035330797782,0.00013854080096136856,0.0072403414675015895,0.007378882268462958
0.006169999999999917,2155383.8007560647,589.0305314755037,2830.725394161793,0.6635523567925594,0.02294540330368991,2.766250851142191,15.095818425693011,0.00013925913002139307,0.007239623138441565,0.007378882268462958
0.0061799999999999165,2156376.0246917903,589.1144071454981,2830.811447419769,0.6637088601363078,0.022981614285387194,2.7674401563370257,15.100617467164582,0.00013998040848051723,0.007238901859982441,0.007378882268462958
0.006189999999999916,2157371.9340948714,589.1986127913906,2830.897839359863,0.6638660204005093,0.023017829751812137,2.7686337876888683,15.105432487442842,0.00014070464724535113,0.007238177621217607,0.007378882268462958
0.006199999999999916,2158371.5399705567,589.2831495771228,2830.9845711751323,0.664023840232637,0.02305404972209661,2.7698317573289795,15.110263518788921,0.00014143185727237168,0.007237450411190586,0.007378882268462958
0.006209999999999915,2159374.8533650558,589.3680186723112,2831.0716440644364,0.6641823222947502,0.023090274215451213,2.77103407742888,15.115110593494586,0.00014216204956821267,0.0072367202188947455,0.007378882268462958
0.006219999999999915,2160381.885365769,589.4532212522869,2831.1590592324806,0.664341469263604,0.023126503251165723,2.7722407602005537,15.119973743882074,0.0001428952351899573,0.007235987033273001,0.007378882268462958
0.006229999999999914,2161392.6471015224,589.5387584981368,2831.2468178898557,0.6645012838307588,0.023162736848609516,2.773451817896654,15.124853002303901,0.00014363142524543234,0.007235250843217526,0.007378882268462958
0.006239999999999914,2162407.149742804,589.6246315967445,2831.334921253081,0.6646617687026929,0.023198975027232012,2.7746672628107145,15.12974840114272,0.00014437063089350408,0.007234511637569455,0.007378882268462958
0.006249999999999914,2163425.4045019974,589.7108417408315,2831.423370544647,0.6648229266009127,0.02323521780656312,2.775887107277354,15.134659972811123,0.00014511286334437657,0.007233769405118582,0.007378882268462958
0.006259999999999913,2164447.4226336223,589.797390128999,2831.512166993057,0.6649847602620667,0.023271465206213687,2.777111363672492,15.13958774975146,0.00014585813385989134,0.007233024134603067,0.007378882268462958
0.006269999999999913,2165473.215434574,589.8842779657704,2831.601311832869,0.6651472724380574,0.02330771724587594,2.7783400444135578,15.14453176443567,0.0001466064537538294,0.007232275814709129,0.007378882268462958
0.006279999999999912,2166502.7942443634,589.971506461633,2831.6908063047435,0.6653104658961599,0.023343973945323945,2.7795731619597035,15.149492049365065,0.00014735783439221535,0.0072315244340707425,0.007378882268462958
0.006289999999999912,2167536.1704453616,590.0590768330815,2831.780651655482,0.6654743434191351,0.02338023532441406,2.7808107288120185,15.154468637070172,0.00014811228719362272,0.0072307699812693355,0.007378882268462958
0.006299999999999912,2168573.3554630424,590.1469903026607,2831.870849138074,0.6656389078053467,0.0234165014030854,2.7820527575137444,15.159461560110499,0.00014886982362948237,0.007230012444833476,0.007378882268462958
0.006309999999999911,2169614.360766229,590.2352480990094,2831.961400011741,0.6658041618688807,0.023452772201360293,2.783299260650491,15.164470851074354,0.00014963045522439194,0.007229251813238567,0.007378882268462958
0.006319999999999911,2170659.197867343,590.323851456904,2832.05230554198,0.6659701084396636,0.023489047739344755,2.7845502508504554,15.169496542578624,0.00015039419355642803,0.0072284880749065306,0.007378882268462958
0.00632999999999991,2171707.878322651,590.412801617303,2832.1435670006113,0.6661367503635829,0.023525328037228947,2.7858057407846375,15.174538667268578,0.00015116105025746017,0.007227721218205498,0.007378882268462958
0.00633999999999991,2172760.4137325175,590.5020998273915,2832.2351856658224,0.6663040905026076,0.02356161311528767,2.787065743167065,15.179597257817633,0.00015193103701346654,0.007226951231449492,0.007378882268462958
0.0063499999999999095,2173816.8157416563,590.5917473406264,2832.3271628222133,0.6664721317349118,0.023597902993880822,2.78833027075501,15.184672346927153,0.0001527041655648526,0.007226178102898106,0.007378882268462958
0.006359999999999909,2174877.096039385,590.6817454167817,2832.419499760845,0.6666408769549977,0.023634197693453884,2.789599336349212,15.189763967326206,0.00015348044770677085,0.007225401820756187,0.007378882268462958
0.006369999999999909,2175941.266359881,590.7720953219942,2832.512197779285,0.6668103290738189,0.02367049723453841,2.7908729527941047,15.194872151771342,0.00015425989528944313,0.0072246223731735155,0.007378882268462958
0.006379999999999908,2177009.338482438,590.8627983288103,2832.6052581816543,0.6669804910189076,0.023706801637752514,2.792151132978036,15.19999693304635,0.00015504252021848557,0.007223839748244473,0.007378882268462958
0.006389999999999908,2178081.324231726,590.9538557162317,2832.698682278675,0.6671513657345014,0.023743110923801353,2.793433889833499,15.205138343962027,0.0001558283344552345,0.007223053934007724,0.007378882268462958
0.0063999999999999075,2179157.235478053,591.0452687697634,2832.7924713877187,0.6673229561816707,0.023779425113477633,2.7947212363373564,15.210296417355927,0.00015661735001707596,0.007222264918445883,0.007378882268462958
0.006409999999999907,2180237.0841376246,591.1370387814603,2832.8866268328566,0.6674952653384478,0.0238157442276621,2.7960131855110686,15.215471186092104,0.00015740957897777608,0.007221472689485182,0.007378882268462958
0.006419999999999907,2181320.882172812,591.2291670499754,2832.9811499449042,0.6676682961999576,0.02385206828732405,2.7973097504209257,15.220662683060876,0.00015820503346781437,0.007220677234995144,0.007378882268462958
0.006429999999999906,2182408.641592415,591.3216548806082,2833.0760420614747,0.6678420517785482,0.023888397313521825,2.798610944178277,15.225870941178538,0.00015900372567471938,0.007219878542788239,0.007378882268462958
0.006439999999999906,2183500.374451933,591.4145035853528,2833.1713045270267,0.6680165351039254,0.023924731327403335,2.7999167799397644,15.231095993387122,0.00015980566784340585,0.007219076600619552,0.007378882268462958
0.0064499999999999055,2184596.092853831,591.5077144829478,2833.2669386929138,0.6681917492232844,0.023961070350206566,2.8012272709075554,15.2363378726541,0.00016061087227651498,0.007218271396186443,0.007378882268462958
0.006459999999999905,2185695.808947814,591.6012888989253,2833.3629459174363,0.6683676972014468,0.023997414403260097,2.8025424303295794,15.241596611972124,0.00016141935133475645,0.0072174629171282015,0.007378882268462958
0.006469999999999905,2186799.534931099,591.6952281656609,2833.459327565893,0.6685443821209964,0.024033763507983624,2.8038622714997605,15.246872244358737,0.00016223111743725278,0.007216651151025705,0.007378882268462958
0.006479999999999904,2187907.28304869,591.789533622424,2833.556085010631,0.6687218070824165,0.024070117685888483,2.8051868077582607,15.252164802856093,0.0001630461830618859,0.007215836085401072,0.007378882268462958
0.006489999999999904,2189019.0655936548,591.884206615429,2833.653219631097,0.6688999752042284,0.02410647695857819,2.806516052491714,15.25747432053065,0.00016386456074564675,0.007215017707717312,0.007378882268462958
0.006499999999999903,2190134.8949074047,591.9792484978863,2833.750732813892,0.6690788896231332,0.02414284134774896,2.807850019133469,15.262800830472875,0.0001646862630849863,0.007214196005377972,0.007378882268462958
0.006509999999999903,2191254.783379974,592.0746606300542,2833.848625952823,0.6692585534941519,0.024179210875190257,2.8091887211638302,15.268144365796946,0.00016551130273616927,0.007213370965726789,0.007378882268462958
0.006519999999999903,2192378.743450303,592.1704443792908,2833.946900448956,0.6694389699907686,0.024215585562785327,2.8105321721103005,15.273504959640436,0.00016633969241563074,0.007212542576047328,0.007378882268462958
0.006529999999999902,2193506.787606524,592.266601120107,2834.0455577106695,0.6696201423050748,0.024251965432511752,2.8118803855478274,15.278882645163991,0.0001671714449003342,0.007211710823562624,0.007378882268462958
0.006539999999999902,2194638.9283862435,592.3631322342194,2834.1445991537103,0.6698020736479146,0.024288350506442,2.8132333750990455,15.28427745555101,0.00016800657302813303,0.0072108756954348254,0.007378882268462958
0.006549999999999901,2195775.1783768353,592.460039110604,2834.244026201246,0.6699847672490314,0.02432474080674397,2.8145911544345257,15.289689424007326,0.0001688450896981337,0.007210037178764825,0.007378882268462958
0.006559999999999901,2196915.5502157276,592.5573231455504,2834.3438402839224,0.6701682263572176,0.024361136355681563,2.8159537372730243,15.295118583760846,0.0001696870078710617,0.007209195260591897,0.007378882268462958
0.006569999999999901,2198060.056590697,592.6549857427158,2834.444042839917,0.6703524542404614,0.024397537175615235,2.8173211373817337,15.300564968061241,0.00017053234056962988,0.007208349927893328,0.007378882268462958
0.0065799999999999,2199208.7102401606,592.7530283131806,2834.5446353149973,0.6705374541861003,0.024433943289002568,2.818693368576528,15.306028610179572,0.00017138110087890982,0.007207501167584048,0.007378882268462958
0.0065899999999999,2200361.523953475,592.8514522755038,2834.645619162576,0.6707232295009723,0.02447035471839885,2.8200704447222242,15.311509543407947,0.0001722333019467045,0.007206648966516254,0.007378882268462958
0.006599999999999899,2201518.5105712325,592.9502590557787,2834.746995843769,0.6709097835115697,0.024506771486457638,2.8214523797328295,15.317007801059157,0.0001730889569839251,0.007205793311479033,0.007378882268462958
0.006609999999999899,2202679.6829855624,593.0494500876902,2834.848766827452,0.6710971195641946,0.02454319361593135,2.8228391875718017,15.322523416466314,0.0001739480792649689,0.007204934189197989,0.007378882268462958
0.0066199999999998985,2203845.0541404323,593.1490268125707,2834.9509335903213,0.6712852410251167,0.024579621129671835,2.8242308822523015,15.328056422982462,0.0001748106821281011,0.007204071586334857,0.007378882268462958
0.006629999999999898,2205014.6370319533,593.2489906794588,2835.053497616948,0.6714741512807295,0.024616054050630984,2.825627477837457,15.333606853980209,0.0001756767789758376,0.007203205489487121,0.007378882268462958
0.006639999999999898,2206188.444708687,593.3493431451566,2835.1564603998427,0.6716638537377113,0.024652492401861306,2.8270289884406177,15.339174742851336,0.00017654638327533264,0.007202335885187625,0.007378882268462958
0.006649999999999897,2207366.4902719525,593.4500856742884,2835.2598234395114,0.671854351823187,0.024688936206516535,2.828435428225621,15.344760123006406,0.00017741950855876677,0.007201462759904191,0.007378882268462958
0.006659999999999897,2208548.786876139,593.5512197393604,2835.3635882445174,0.6720456489848888,0.02472538548785223,2.8298468114070516,15.350363027874343,0.00017829616842373924,0.007200586100039219,0.007378882268462958
0.0066699999999998965,2209735.347729018,593.6527468208195,2835.4677563315413,0.6722377486913232,0.02476184026922639,2.8312631522505076,15.355983490902043,0.00017917637653366218,0.007199705891929296,0.007378882268462958
0.006679999999999896,2210926.186092057,593.7546684071142,2835.5723292254443,0.6724306544319347,0.024798300574100065,2.8326844650728664,15.36162154555395,0.00018006014661815778,0.0071988221218448,0.007378882268462958
0.006689999999999896,2212121.3152807388,593.8569859947547,2835.677308459328,0.6726243697172744,0.02483476642603796,2.8341107642425527,15.367277225311637,0.0001809474924734582,0.0071979347759895,0.007378882268462958
0.006699999999999895,2213320.7486648806,593.9597010883751,2835.7826955745977,0.6728188980791682,0.02487123784870908,2.8355420641798066,15.372950563673358,0.0001818384279628083,0.00719704384050015,0.007378882268462958
0.006709999999999895,2214524.4996689544,594.0628152007944,2835.8884921210265,0.6730142430708896,0.02490771486588734,2.836978379356956,15.37864159415363,0.00018273296701687097,0.0071961493014460875,0.007378882268462958
0.0067199999999998945,2215732.581772412,594.1663298530792,2835.9946996568183,0.6732104082673289,0.024944197501452204,2.838419724298684,15.384350350282773,0.0001836311236341356,0.007195251144828822,0.007378882268462958
0.006729999999999894,2216945.0085100117,594.270246574607,2836.101319748672,0.6734073972651695,0.024980685779389323,2.839866113582311,15.390076865606456,0.00018453291188132905,0.007194349356581629,0.007378882268462958
0.006739999999999894,2218161.7934721443,594.3745669031293,2836.208353971845,0.6736052136830635,0.02501717972379118,2.841317561838061,15.39582117368524,0.00018543834589382967,0.007193443922569129,0.007378882268462958
0.006749999999999893,2219382.950305167,594.4792923848365,2836.315803910223,0.6738038611618076,0.02505367935885773,2.842774083749344,15.401583308094104,0.00018634743987608405,0.007192534828586874,0.007378882268462958
0.006759999999999893,2220608.4927117345,594.5844245744215,2836.4236711563817,0.674003343364524,0.025090184708897054,2.8442356940530327,15.407363302421965,0.00018726020810202709,0.0071916220603609315,0.007378882268462958
0.006769999999999892,2221838.4344511353,594.6899650351463,2836.5319573116544,0.6742036639768393,0.025126695798326024,2.8457024075397443,15.413161190271195,0.0001881766649155043,0.007190705603547454,0.007378882268462958
0.006779999999999892,2223072.789339629,594.7959153389073,2836.6406639862007,0.674404826707069,0.02516321265167096,2.84717423905412,15.41897700525712,0.00018909682473069797,0.00718978544373226,0.007378882268462958
0.006789999999999892,2224311.5712507865,594.9022770663016,2836.749792799075,0.6746068352864018,0.025199735293568302,2.8486512034951086,15.424810781007524,0.0001900207020325554,0.007188861566430403,0.007378882268462958
0.006799999999999891,2225554.7941158335,595.0090518066951,2836.859345378291,0.6748096934690824,0.025236263748765274,2.850133315816254,15.430662551162131,0.00019094831137722088,0.007187933957085738,0.007378882268462958
0.006809999999999891,2226802.471923994,595.1162411582894,2836.969323360896,0.6750134050326049,0.025272798042120573,2.851620591025978,15.43653234937208,0.00019187966739247014,0.007187002601070488,0.007378882268462958
0.00681999999999989,2228054.6187228393,595.2238467281909,2837.0797283930383,0.675217973777898,0.025309338198605053,2.8531130441878716,15.44242020929941,0.00019281478477814823,0.00718606748368481,0.007378882268462958
0.00682999999999989,2229311.2486186367,595.3318701324793,2837.1905621300366,0.6754234035295196,0.02534588424330241,2.854610690420984,15.448326164616514,0.00019375367830661038,0.007185128590156348,0.007378882268462958
0.00683999999999989,2230572.3757767035,595.4403129962778,2837.301826236454,0.6756296981358481,0.025382436201409876,2.856113544900114,15.45425024900558,0.00019469636282316619,0.007184185905639792,0.007378882268462958
0.006849999999999889,2231838.0144217596,595.5491769538237,2837.4135223861663,0.6758368614692796,0.025418994098238928,2.857621622856105,15.46019249615805,0.0001956428532465263,0.007183239415216432,0.007378882268462958
0.006859999999999889,2233108.1788382875,595.6584636485386,2837.5256522624386,0.6760448974264254,0.025455557959215985,2.859134939576136,15.466152939774044,0.00019659316456925306,0.007182289103893705,0.007378882268462958
0.006869999999999888,2234382.8833708907,595.768174733101,2837.6382175579947,0.6762538099283095,0.025492127809883126,2.860653510404025,15.472131613561796,0.00019754731185821382,0.007181334956604744,0.007378882268462958
0.006879999999999888,2235662.142424657,595.878311869518,2837.751219975094,0.6764636029205723,0.02552870367589881,2.8621773507405206,15.478128551237054,0.00019850531025503778,0.007180376958207921,0.007378882268462958
0.0068899999999998875,2236945.9704655237,595.988876729199,2837.864661225604,0.6766742803736716,0.02556528558303859,2.863706476043606,15.484143786522498,0.00019946717497657578,0.0071794150934863825,0.007378882268462958
0.006899999999999887,2238234.382020645,596.099870993029,2837.978543031075,0.6768858462830895,0.025601873557195856,2.8652409018288028,15.490177353147123,0.0002004329213153636,0.0071784493471475945,0.007378882268462958
0.006909999999999887,2239527.391678763,596.2112963514433,2838.09286712282,0.6770983046695397,0.025638467624382554,2.8667806436694687,15.49622928484564,0.0002014025646400887,0.007177479703822869,0.007378882268462958
0.006919999999999886,2240825.014090582,596.3231545045024,2838.2076352419867,0.677311659579176,0.025675067810729944,2.8683257171971106,15.502299615357847,0.0002023761203960596,0.007176506148066899,0.007378882268462958
0.006929999999999886,2242127.2639691415,596.4354471619687,2838.3228491396376,0.6775259150838046,0.025711674142489337,2.869876138101687,15.508388378427977,0.0002033536041056798,0.007175528664357279,0.007378882268462958
0.0069399999999998855,2243434.156090198,596.548176043382,2838.438510576828,0.6777410752810978,0.02574828664603285,2.871431922131918,15.514495607804074,0.00020433503136892383,0.007174547237094034,0.007378882268462958
0.006949999999999885,2244745.705292605,596.6613428781376,2838.5546213246835,0.6779571442948096,0.025784905347854173,2.872993085095598,15.520621337237339,0.00020532041786381784,0.007173561850599141,0.007378882268462958
0.006959999999999885,2246061.9264786956,596.7749494055644,2838.671183164482,0.6781741262749935,0.025821530274569317,2.8745596428599063,15.526765600481433,0.0002063097793469225,0.007172572489116036,0.007378882268462958
0.006969999999999884,2247382.834614673,596.8889973750031,2838.7881978877313,0.6783920253982227,0.02585816145291741,2.8761316113517252,15.53292843129185,0.0002073031316538206,0.007171579136809138,0.007378882268462958
0.006979999999999884,2248708.4447309976,597.0034885458865,2838.9056672962533,0.6786108458678131,0.025894798909761457,2.8777090065579514,15.539109863425182,0.00020830049069960714,0.007170581777763351,0.007378882268462958
0.0069899999999998835,2250038.77192278,597.1184246878196,2839.0235932022633,0.6788305919140466,0.025931442672089133,2.8792918445258207,15.545309930638448,0.0002093018724793836,0.007169580395983575,0.007378882268462958
0.006999999999999883,2251373.8313501785,597.2338075806607,2839.141977428454,0.6790512677943997,0.02596809276701357,2.8808801413632232,15.551528666688371,0.0002103072930687557,0.0071685749753942025,0.007378882268462958
0.007009999999999883,2252713.6382387937,597.3496390146033,2839.2608218080804,0.6792728777937712,0.026004749221774155,2.882473913239027,15.557766105330666,0.00021131676862433418,0.007167565499838624,0.007378882268462958
0.007019999999999882,2254058.2078800746,597.4659207902591,2839.3801281850415,0.6794954262247146,0.026041412063737345,2.884073176383406,15.564022280319294,0.00021233031538424015,0.0071665519530787185,0.007378882268462958
0.007029999999999882,2255407.5556317195,597.5826547187413,2839.499898413967,0.6797189174276721,0.02607808132039746,2.88567794708816,15.570297225405737,0.00021334794966861357,0.0071655343187943445,0.007378882268462958
0.007039999999999881,2256761.6969180843,597.6998426217486,2839.620134360304,0.6799433557712101,0.02611475701937752,2.887288241707046,15.576590974338218,0.00021436968788012526,0.007164512580582833,0.007378882268462958
0.007049999999999881,2258120.6472305935,597.817486331651,2839.7408379004014,0.6801687456522585,0.026151439188430044,2.8889040766561087,15.582903560860958,0.00021539554650449306,0.007163486721958465,0.007378882268462958
0.007059999999999881,2259484.4221281526,597.9355876915755,2839.862010921601,0.6803950914963514,0.026188127855437913,2.890525468414012,15.589235018713367,0.00021642554211100164,0.007162456726351956,0.007378882268462958
0.00706999999999988,2260853.0372375655,598.0541485554927,2839.983655322323,0.6806223977578711,0.02622482304841518,2.8921524335223707,15.595585381629274,0.00021745969135302597,0.0071614225771099325,0.007378882268462958
0.00707999999999988,2262226.508253954,598.173170788305,2840.1057730121574,0.6808506689202942,0.026261524795507928,2.8937849885860905,15.601954683336116,0.0002184980109685587,0.0071603842574944,0.007378882268462958
0.007089999999999879,2263604.8509411793,598.2926562659347,2840.2283659119544,0.6810799094964404,0.02629823312499513,2.8954231502737016,15.608342957554102,0.00021954051778074143,0.0071593417506822165,0.007378882268462958
0.007099999999999879,2264988.0811322695,598.4126068754135,2840.351435953913,0.6813101240287229,0.02633494806528949,2.897066935317702,15.614750237995418,0.00022058722869840004,0.007158295039764558,0.007378882268462958
0.007109999999999879,2266376.214729847,598.533024514973,2840.474985081676,0.6815413170894029,0.02637166964493832,2.8987163605148982,15.62117655836334,0.00022163816071658362,0.007157244107746374,0.007378882268462958
0.007119999999999878,2267769.2677065628,598.6539110941354,2840.5990152504223,0.6817734932808459,0.026408397892624415,2.9003714427267497,15.627621952351415,0.00022269333091710754,0.007156188937545851,0.007378882268462958
0.007129999999999878,2269167.25610553,598.7752685338064,2840.7235284269595,0.6820066572357805,0.026445132837166933,2.9020321988797133,15.634086453642558,0.0002237527564691008,0.0071551295119938576,0.007378882268462958
0.007139999999999877,2270570.196040764,598.8970987663673,2840.8485265898207,0.6822408136175611,0.02648187450752228,2.903698645965594,15.640570095908192,0.0002248164546295567,0.007154065813833402,0.007378882268462958
0.007149999999999877,2271978.103697624,599.0194037357695,2840.9740117293586,0.682475967120431,0.026518622932785008,2.9053708010418937,15.647072912807337,0.00022588444274388865,0.00715299782571907,0.007378882268462958
0.0071599999999998765,2273390.995333259,599.1421853976292,2841.0999858478426,0.6827121224697911,0.026555378142188717,2.907048681232166,15.653594937985707,0.00022695673824648898,0.00715192553021647,0.007378882268462958
0.007169999999999876,2274808.887277055,599.2654457193233,2841.226450959558,0.6829492844224688,0.026592140165106973,2.9087323037263637,15.660136205074764,0.00022803335866129288,0.007150848909801665,0.007378882268462958
0.007179999999999876,2276231.79593109,599.3891866800859,2841.3534090909034,0.6831874577669923,0.02662890903105422,2.9104216857812055,15.666696747690805,0.00022911432160234544,0.007149767946860613,0.007378882268462958
0.007189999999999875,2277659.7377705877,599.5134102711062,2841.4808622804885,0.6834266473238642,0.02666568476968671,2.912116844720529,15.673276599433988,0.00023019964477437438,0.007148682623688584,0.007378882268462958
0.007199999999999875,2279092.7293443764,599.6381184956272,2841.6088125792394,0.6836668579458421,0.026702467410803427,2.9138177979356494,15.679875793887366,0.00023128934597336573,0.007147592922489593,0.007378882268462958
0.0072099999999998745,2280530.787275353,599.7633133690456,2841.737262050496,0.6839080945182201,0.02673925698434705,2.91552456288573,15.686494364615891,0.00023238344308714425,0.007146498825375814,0.007378882268462958
0.007219999999999874,2281973.928260949,599.888996919012,2841.8662127701173,0.6841503619591123,0.026776053520404894,2.917237157098141,15.693132345165452,0.0002334819540959586,0.007145400314367,0.007378882268462958
0.007229999999999874,2283422.169073599,600.0151711855333,2841.9956668265827,0.6843936652197409,0.026812857049209857,2.9189555981688304,15.699789769061807,0.00023458489707307042,0.007144297371389888,0.007378882268462958
0.007239999999999873,2284875.5265612155,600.1418382210747,2842.1256263210994,0.6846380092847267,0.026849667601141405,2.920679903762693,15.70646666980959,0.00023569229018534783,0.00714318997827761,0.007378882268462958
0.007249999999999873,2286334.0176476655,600.2690000906642,2842.2560933677073,0.6848833991723842,0.026886485206726537,2.922410091613943,15.713163080891245,0.00023680415169386362,0.007142078116769095,0.007378882268462958
0.0072599999999998725,2287797.6593332505,600.3966588719969,2842.3870700933844,0.6851298399350151,0.026923309896640768,2.924146179526486,15.71987903576598,0.00023792049995449813,0.00714096176850846,0.007378882268462958
0.007269999999999872,2289266.4686951917,600.5248166555411,2842.5185586381567,0.6853773366592131,0.026960141701709132,2.925888185374301,15.726614567868664,0.00023904135341854582,0.007139840915044412,0.007378882268462958
0.007279999999999872,2290740.4628881183,600.6534755446457,2842.6505611552075,0.6856258944661623,0.02699698065290717,2.927636127101812,15.73336971060875,0.00024016673063332765,0.007138715537829631,0.007378882268462958
0.007289999999999871,2292219.659144559,600.7826376556476,2842.7830798109853,0.6858755185119473,0.027033826781361944,2.929390022724276,15.740144497369153,0.00024129665024280706,0.007137585618220151,0.007378882268462958
0.007299999999999871,2293704.074775438,600.9123051179812,2842.916116785317,0.6861262139878604,0.027070680118353056,2.931149890328164,15.746938961505132,0.00024243113098821117,0.007136451137474747,0.007378882268462958
0.00730999999999987,2295193.7271705735,601.0424800742886,2843.049674271521,0.6863779861207175,0.027107540695313678,2.9329157480715446,15.753753136343128,0.0002435701917086567,0.007135312076754301,0.007378882268462958
0.00731999999999987,2296688.6337991836,601.1731646805316,2843.1837544765176,0.6866308401731711,0.027144408543831575,2.9346876141844764,15.76058705517961,0.00024471385134178,0.0071341684171211785,0.007378882268462958
0.00732999999999987,2298188.8122103917,601.3043611061037,2843.318359620948,0.6868847814440331,0.02718128369565017,2.9364655069693955,15.767440751279876,0.00024586212892437287,0.007133020139538585,0.007378882268462958
0.007339999999999869,2299694.2800337384,601.4360715339436,2843.453491939287,0.6871398152685975,0.02721816618266958,2.938249444801511,15.774314257876885,0.00024701504359302264,0.007131867224869935,0.007378882268462958
0.007349999999999869,2301205.0549796973,601.5682981606509,2843.5891536799622,0.6873959470189651,0.027255056036947688,2.9400394461291968,15.78120760817001,0.0002481726145847571,0.007130709653878201,0.007378882268462958
0.007359999999999868,2302721.154840195,601.7010431966019,2843.7253471054705,0.6876531821043766,0.027291953290701214,2.941835529474396,15.78812083532382,0.0002493348612376943,0.007129547407225264,0.007378882268462958
0.007369999999999868,2304242.5974891335,601.8343088660667,2843.8620744925,0.687911525971546,0.027328857976306797,2.943637713433014,15.795053972466805,0.0002505018029916984,0.00712838046547126,0.007378882268462958
0.007379999999999868,2305769.400882918,601.9680974073281,2843.9993381320487,0.6881709841049977,0.027365770126302084,2.945446016675326,15.802007052690122,0.00025167345938903853,0.00712720880907392,0.007378882268462958
0.007389999999999867,2307301.58306099,602.102411072801,2844.137140329548,0.6884315620274069,0.027402689773386835,2.947260457946381,15.808980109046285,0.0002528498500750548,0.007126032418387903,0.007378882268462958
0.007399999999999867,2308839.1621463625,602.2372521291538,2844.275483404985,0.688693265299947,0.027439616950424028,2.949081056066409,15.815973174547869,0.0002540309947988279,0.00712485127366413,0.007378882268462958
0.007409999999999866,2310382.1563461605,602.3726228574304,2844.4143696930287,0.688956099522636,0.027476551690440987,2.9509078299312335,15.822986282166159,0.00025521691341385486,0.007123665355049103,0.007378882268462958
0.007419999999999866,2311930.583952165,602.5085255531741,2844.5538015431534,0.6892200703346911,0.02751349402663051,2.9527407985126817,15.830019464829816,0.0002564076258787296,0.007122474642584229,0.007378882268462958
0.0074299999999998655,2313484.4633413646,602.6449625265521,2844.693781319769,0.6894851834148847,0.027550443992352004,2.954579980859001,15.837072755423478,0.0002576031522578288,0.007121279116205129,0.007378882268462958
0.007439999999999865,2315043.8129765047,602.7819361024821,2844.8343114023487,0.6897514444819036,0.02758740162113264,2.956425396095277,15.844146186786391,0.0002588035127220029,0.007120078755740955,0.007378882268462958
0.007449999999999865,2316608.6514066486,602.9194486207593,2844.9753941855565,0.690018859294715,0.027624366946668512,2.9582770634238558,15.851239791710986,0.0002600087275492727,0.007118873540913686,0.007378882268462958
0.007459999999999864,2318178.997267739,603.0575024361859,2845.117032079382,0.6902874336529354,0.027661340002825816,2.9601350021247637,15.858353602941436,0.00026121881712553164,0.007117663451337426,0.007378882268462958
0.007469999999999864,2319754.869283164,603.1960999187008,2845.2592275092716,0.6905571733972015,0.02769832082364202,2.961999231556136,15.865487653172206,0.00026243380194525284,0.007116448466517706,0.007378882268462958
0.0074799999999998635,2321336.2862643297,603.3352434535118,2845.401982916262,0.6908280844095476,0.027735309443327066,2.963869771154645,15.872641975046566,0.0002636537026122025,0.0071152285658507555,0.007378882268462958
0.007489999999999863,2322923.2671112353,603.4749354412278,2845.5453007571173,0.6911001726137882,0.027772305896264567,2.9657466404359303,15.879816601155097,0.00026487853984015795,0.0071140037286228,0.007378882268462958
0.007499999999999863,2324515.830813054,603.6151782979941,2845.689183504465,0.6913734439759006,0.02780931021701302,2.967629858995032,15.88701156403416,0.0002661083344536324,0.007112773934009326,0.007378882268462958
0.007509999999999862,2326113.996448718,603.7559744556278,2845.8336336469342,0.6916479045044158,0.027846322440307034,2.9695194465068298,15.894226896164355,0.00026734310738860394,0.007111539161074354,0.007378882268462958
0.007519999999999862,2327717.783187509,603.897326361755,2845.9786536892966,0.6919235602508131,0.02788334260105857,2.9714154227264804,15.90146262996895,0.000268582879693252,0.007110299388769706,0.007378882268462958
0.0075299999999998615,2329327.210289653,604.0392364799501,2846.1242461526076,0.6922004173099165,0.02792037073435818,2.9733178074898583,15.90871879781227,0.00026982767252869825,0.00710905459593426,0.007378882268462958
0.007539999999999861,2330942.2971069203,604.1817072898757,2846.270413574349,0.6924784818203,0.027957406875476265,2.975226620714004,15.91599543199811,0.0002710775071697537,0.007107804761293204,0.007378882268462958
0.007549999999999861,2332563.0630832296,604.3247412874246,2846.4171585085724,0.6927577599646921,0.027994451059864357,2.9771418823975693,15.923292564768074,0.00027233240500567214,0.007106549863457286,0.007378882268462958
0.00755999999999986,2334189.527755258,604.4683409848631,2846.5644835260473,0.6930382579703903,0.028031503323156383,2.9790636126212684,15.930610228299903,0.00027359238754090916,0.007105289880922049,0.007378882268462958
0.00756999999999986,2335821.7107530558,604.6125089109755,2846.712391214409,0.6933199821096765,0.028068563701169967,2.9809918315483306,15.937948454705806,0.0002748574763958869,0.007104024792067071,0.007378882268462958
0.007579999999999859,2337459.6318006646,604.7572476112116,2846.860884178305,0.6936029387002379,0.02810563222990774,2.9829265594249548,15.94530727603071,0.0002761276933077654,0.007102754575155193,0.007378882268462958
0.007589999999999859,2339103.310716744,604.9025596478335,2847.009965039548,0.693887134105596,0.028142708945558644,2.9848678165807723,15.952686724250551,0.0002774030601312198,0.007101479208331738,0.007378882268462958
0.007599999999999859,2340752.767415201,605.0484476000662,2847.1596364372685,0.6941725747355327,0.028179793884499274,2.986815623429307,15.960086831270495,0.0002786835988392238,0.007100198669623734,0.007378882268462958
0.007609999999999858,2342408.0219058236,605.1949140642483,2847.3099010280685,0.6944592670465313,0.028216887083295207,2.9887700004684357,15.96750762892313,0.0002799693315238399,0.007098912936939118,0.007378882268462958
0.007619999999999858,2344069.094294924,605.3419616539853,2847.460761486176,0.6947472175422144,0.02825398857870236,2.9907309682808636,15.974949148966664,0.000281260280397014,0.007097621988065944,0.007378882268462958
0.007629999999999857,2345736.004785981,605.489593000304,2847.612220503605,0.6950364327737906,0.028291098407668365,2.9926985475345886,15.982411423083066,0.0002825564677913794,0.007096325800671579,0.007378882268462958
0.007639999999999857,2347408.7736802935,605.6378107518092,2847.764280790313,0.6953269193405063,0.028328216607333926,2.994672758983377,15.989894482876187,0.00028385791616106454,0.0070950243523018935,0.007378882268462958
0.007649999999999857,2349087.421377636,605.7866175748411,2847.9169450743634,0.6956186838901015,0.028365343215034235,2.9966536234672403,15.997398359869878,0.00028516464808250847,0.0070937176203804495,0.007378882268462958
0.007659999999999856,2350771.968376921,605.9360161536362,2848.0702161020863,0.6959117331192712,0.02840247826830036,2.9986411619129147,16.004923085506018,0.0002864766862552833,0.007092405582207675,0.007378882268462958
0.007669999999999856,2352462.4352768655,606.0860091904871,2848.2240966382456,0.6962060737741346,0.028439621804860666,3.000635395334342,16.012468691142594,0.0002877940535029219,0.0070910882149600365,0.007378882268462958
0.007679999999999855,2354158.8427766655,606.2365994059078,2848.378589466202,0.6965017126507025,0.028476773862642246,3.0026363448331588,16.020035208051688,0.0002891167727737533,0.007089765495689205,0.007378882268462958
0.007689999999999855,2355861.2116766735,606.3877895387975,2848.5336973880853,0.6967986565953607,0.028513934479772365,3.004644031599179,16.02762266741746,0.0002904448671417449,0.007088437401321214,0.007378882268462958
0.0076999999999998545,2357569.5628790837,606.5395823466081,2848.6894232249615,0.6970969125053509,0.028551103694579916,3.0066584769108937,16.03523110033411,0.0002917783598073505,0.007087103908655608,0.007378882268462958
0.007709999999999854,2359283.917388622,606.691980605513,2848.8457698170064,0.6973964873292583,0.028588281545596894,3.0086797021359577,16.042860537803776,0.0002931172740983668,0.007085764994364591,0.007378882268462958
0.007719999999999854,2361004.2963132425,606.8449871105778,2849.0027400236786,0.6976973880675108,0.028625468071559877,3.0107077287316937,16.05051101073445,0.000294461633470795,0.007084420634992163,0.007378882268462958
0.007729999999999853,2362730.720864829,606.9986046759332,2849.1603367238954,0.6979996217728749,0.028662663311411523,3.0127425782455917,16.058182549937808,0.00029581146150971113,0.007083070806953247,0.007378882268462958
0.007739999999999853,2364463.2123599034,607.1528361349489,2849.3185628162114,0.6983031955509659,0.02869986730430209,3.014784272315811,16.065875186127066,0.0002971667819301422,0.007081715486532816,0.007378882268462958
0.0077499999999998525,2366201.7922203387,607.307684340411,2849.4774212189973,0.6986081165607566,0.02873708008959096,3.016832832671691,16.073588949914733,0.0002985276185779502,0.007080354649885008,0.007378882268462958
0.007759999999999852,2367946.4819740807,607.4631521647002,2849.6369148706235,0.6989143920151005,0.02877430170684818,3.01888828113426,16.081323871810422,0.0002998939954307233,0.007078988273032235,0.007378882268462958
0.007769999999999852,2369697.303255873,607.6192424999721,2849.7970467296414,0.6992220291812524,0.028811532195856013,3.0209506396167503,16.089079982218532,0.0003012659365986736,0.007077616331864284,0.007378882268462958
0.007779999999999851,2371454.2778079896,607.7759582583402,2849.9578197749715,0.6995310353814019,0.028848771596610517,3.023019930125115,16.09685731143596,0.00030264346632554373,0.007076238802137414,0.007378882268462958
0.007789999999999851,2373217.4274809747,607.9333023720603,2850.1192370060908,0.6998414179932091,0.02888601994932313,3.025096174758547,16.104655889649777,0.00030402660898951907,0.007074855659473439,0.007378882268462958
0.0077999999999998505,2374986.774234386,608.0912777937177,2850.281301443222,0.7001531844503487,0.028923277294422265,3.0271793957100077,16.112475746934816,0.000305415389104149,0.007073466879358809,0.007378882268462958
0.00780999999999985,2376762.3401375483,608.2498874964153,2850.4440161275293,0.700466342243061,0.028960543672554934,3.029269615266747,16.12031691325129,0.00030680983131927493,0.007072072437143684,0.007378882268462958
0.00781999999999985,2378544.1473703096,608.4091344739655,2850.607384121308,0.7007808989187064,0.028997819124588375,3.031366855810841,16.128179418442333,0.00030820996042196623,0.007070672308040992,0.007378882268462958
0.00782999999999985,2380332.2182238074,608.569021741083,2850.771408508185,0.7010968620823309,0.029035103691611705,3.033471139819722,16.136063292231533,0.00030961580133746417,0.007069266467125494,0.007378882268462958
0.007839999999999849,2382126.575101238,608.7295523335803,2850.9360923933154,0.7014142393972356,0.029072397414937577,3.0355824898667167,16.143968564220376,0.00031102737913013307,0.007067854889332825,0.007378882268462958
0.007849999999999848,2383927.2405186375,608.8907293085657,2851.1014389035877,0.7017330385855525,0.029109700336103862,3.037700928621587,16.151895263885727,0.00031244471900442007,0.007066437549458538,0.007378882268462958
0.007859999999999848,2385734.2371056625,609.0525557446427,2851.2674511878226,0.702053267428831,0.02914701249687535,3.0398264788510736,16.159843420577214,0.0003138678463058218,0.007065014422157136,0.007378882268462958
0.007869999999999848,2387547.5876063854,609.2150347421132,2851.4341324169823,0.7023749337686256,0.02918433393924545,3.041959163419446,16.167813063514604,0.00031529678652186094,0.007063585481941097,0.007378882268462958
0.007879999999999847,2389367.3148800908,609.3781694231808,2851.6014857843766,0.7026980455070971,0.02922166470543793,3.0440990052890524,16.175804221785125,0.0003167315652830687,0.00706215070317989,0.007378882268462958
0.007889999999999847,2391193.441902082,609.5419629321593,2851.7695145058765,0.7030226106076155,0.02925900483790867,3.046246027520875,16.18381692434075,0.00031817220836397763,0.007060710060098981,0.007378882268462958
0.007899999999999846,2393025.9917644924,609.7064184356815,2851.9382218201245,0.7033486370953752,0.0292963543793474,3.048400253275085,16.191851199995426,0.000319618741684121,0.007059263526778837,0.007378882268462958
0.007909999999999846,2394864.987677107,609.8715391229103,2852.107610988752,0.7036761330580139,0.029333713372679503,3.050561705811611,16.199907077422345,0.00032107119130904156,0.007057811077153917,0.007378882268462958
0.007919999999999846,2396710.4529681886,610.0373282057544,2852.2776852965976,0.7040051066462404,0.029371081861067797,3.0527304084906994,16.207984585151017,0.0003225295834513089,0.007056352685011649,0.007378882268462958
0.007929999999999845,2398562.4110853113,610.2037889190841,2852.4484480519272,0.7043355660744703,0.029408459887914365,3.054906384773484,16.21608375156447,0.00032399394447154455,0.007054888323991414,0.007378882268462958
0.007939999999999845,2400420.8855962036,610.3709245209512,2852.6199025866567,0.7046675196214708,0.029445847496862375,3.0570896582225626,16.224204604896272,0.0003254643008794563,0.007053417967583502,0.007378882268462958
0.007949999999999844,2402285.900189597,610.5387382928109,2852.79205225658,0.7050009756310093,0.02948324473179794,3.0592802525025693,16.232347173227605,0.00032694067933488154,0.007051941589128077,0.007378882268462958
0.007959999999999844,2404157.4786760835,610.707233539746,2852.964900441595,0.7053359425125149,0.029520651636851983,3.061478191380757,16.24051148448424,0.0003284231066488388,0.00705045916181412,0.007378882268462958
0.007969999999999844,2406035.6449889787,610.8764135906948,2853.1384505459387,0.7056724287417449,0.02955806825640212,3.0636834987275803,16.24869756643348,0.00032991160978458844,0.0070489706586783695,0.007378882268462958
0.007979999999999843,2407920.4231851953,611.0462817986803,2853.312705998416,0.7060104428614619,0.029595494635074583,3.0658961985172843,16.256905446681078,0.0003314062158587024,0.007047476052604256,0.007378882268462958
0.007989999999999843,2409811.837446123,611.2168415410437,2853.487670252641,0.7063499934821149,0.029632930817746126,3.068116314828496,16.265135152668055,0.00033290695214214334,0.0070459753163208145,0.007378882268462958
0.007999999999999842,2411709.9120785147,611.3880962196788,2853.6633467872753,0.7066910892825371,0.029670376849545984,3.0703438718448157,16.27338671166755,0.0003344138460613525,0.007044468422401606,0.007378882268462958
0.008009999999999842,2413614.671515386,611.5600492612712,2853.8397391062695,0.7070337390106414,0.02970783277585783,3.0725788938554253,16.28166015078156,0.00033592692519934683,0.007042955343263611,0.007378882268462958
0.008019999999999841,2415526.1403169157,611.7327041175384,2854.0168507391095,0.7073779514841348,0.029745298642321758,3.0748214052556806,16.289955496937644,0.00033744621729682646,0.007041436051166132,0.007378882268462958
0.008029999999999841,2417444.3431713595,611.906064265475,2854.1946852410647,0.7077237355912354,0.0297827744948363,3.0770714305477256,16.298272776885593,0.0003389717502532901,0.007039910518209668,0.007378882268462958
0.00803999999999984,2419369.3048959714,612.0801332075984,2854.3732461934396,0.7080711002914014,0.02982026037956043,3.079328994341099,16.306612017194055,0.0003405035521281615,0.007038378716334797,0.007378882268462958
0.00804999999999984,2421301.050437931,612.2549144721991,2854.5525372038264,0.7084200546160674,0.029857756342915622,3.0815941213533535,16.31497324424707,0.0003420416511419247,0.007036840617321034,0.007378882268462958
0.00805999999999984,2423239.6048752815,612.4304116135938,2854.732561906365,0.7087706076693921,0.029895262431587914,3.0838668364106687,16.3233564842406,0.0003435860756772695,0.007035296192785688,0.007378882268462958
0.00806999999999984,2425184.993417877,612.6066282123812,2854.913323962002,0.7091227686290128,0.02993277869252999,3.086147164448479,16.33176176317898,0.0003451368542802466,0.007033745414182712,0.007378882268462958
0.008079999999999839,2427137.2414083336,612.7835678757007,2855.094827058753,0.7094765467468132,0.029970305172963285,3.0884351305120976,16.34018910687133,0.00034669401566143275,0.007032188252801525,0.007378882268462958
0.008089999999999839,2429096.3743229974,612.961234237495,2855.277074911972,0.7098319513496956,0.030007841920380127,3.0907307597573475,16.348638540927876,0.00034825758869710656,0.007030624679765851,0.007378882268462958
0.008099999999999838,2431062.4177729124,613.1396309587753,2855.4600712646197,0.710188991840369,0.030045388982545867,3.093034077451196,16.357110090756297,0.00034982760243043327,0.007029054666032525,0.007378882268462958
0.008109999999999838,2433035.397504805,613.3187617278899,2855.6438198875385,0.7105476776981438,0.03008294640750107,3.095345108972396,16.365603781557923,0.00035140408607266103,0.0070274781823902975,0.007378882268462958
0.008119999999999837,2435015.339402072,613.498630260796,2855.8283245797265,0.7109080184797341,0.0301205142435637,3.0976638798121257,16.374119638323933,0.0003529870690043275,0.007025895199458631,0.007378882268462958
0.008129999999999837,2437002.269485782,613.679240301335,2856.01358916862,0.7112700238200786,0.03015809253933134,3.0999904155746387,16.38265768583149,0.00035457658077647607,0.007024305687686482,0.007378882268462958
0.008139999999999837,2438996.2139156815,613.8605956215113,2856.199617510375,0.7116337034331627,0.030195681343683427,3.1023247419779136,16.391217948639788,0.0003561726511118837,0.007022709617351075,0.007378882268462958
0.008149999999999836,2440997.198991216,614.042700021774,2856.386413490157,0.7119990671128573,0.03023328070578352,3.1046668848543084,16.39980045108608,0.00035777530990629893,0.0070211069585566594,0.007378882268462958
0.008159999999999836,2443005.251152555,614.2255573313025,2856.5739810224272,0.712366124733766,0.03027089067508159,3.1070168701512246,16.408405217281622,0.00035938458722969117,0.007019497681233267,0.007378882268462958
0.008169999999999835,2445020.396981632,614.4091714082957,2856.7623240512416,0.7127348862520837,0.03030851130131632,3.109374723931767,16.417032271107562,0.00036100051332751113,0.007017881755135447,0.007378882268462958
0.008179999999999835,2447042.663203188,614.5935461402647,2856.951446550545,0.7131053617064668,0.03034614263451745,3.1117404723754145,16.42568163621075,0.00036262311862196106,0.007016259149840998,0.007378882268462958
0.008189999999999835,2449072.076685833,614.7786854443286,2857.141352524473,0.7134775612189143,0.030383784725008123,3.1141141417786926,16.43435333599954,0.0003642524337132783,0.00701462983474968,0.007378882268462958
0.008199999999999834,2451108.6644431064,614.9645932675153,2857.3320460076584,0.7138514949956597,0.030421437623407287,3.1164957585558484,16.44304739363942,0.0003658884893810286,0.0070129937790819295,0.007378882268462958
0.008209999999999834,2453152.45363456,615.1512735870639,2857.5235310655407,0.7142271733280782,0.030459101380632077,3.118885349239534,16.45176383204874,0.00036753131658541114,0.007011350951877547,0.007378882268462958
0.008219999999999833,2455203.4715668415,615.3387304107338,2857.715811794676,0.7146046065935973,0.030496776047900274,3.1212829404814912,16.460502673894187,0.00036918094646857554,0.007009701321994383,0.007378882268462958
0.008229999999999833,2457261.7456947924,615.526967777115,2857.908892323056,0.7149838052566307,0.030534461676732745,3.1236885590532433,16.469263941586348,0.00037083741035595093,0.007008044858107007,0.007378882268462958
0.008239999999999833,2459327.303622557,615.7159897559438,2858.1027768104286,0.7153647798695171,0.030572158318955937,3.12610223184679,16.478047657275113,0.00037250073975758576,0.007006381528705373,0.007378882268462958
0.008249999999999832,2461400.173104699,615.9058004484219,2858.2974694486225,0.715747541073471,0.030609866026704388,3.1285239858753013,16.48685384284505,0.00037417096636950065,0.007004711302093457,0.007378882268462958
0.008259999999999832,2463480.382047331,616.0964039875399,2858.492974461875,0.7161320995995507,0.03064758485242326,3.1309538482738297,16.49568251991069,0.00037584812207505246,0.007003034146387906,0.007378882268462958
0.008269999999999831,2465567.958509256,616.2878045384047,2858.6892961071662,0.7165184662696353,0.030685314848870906,3.133391846300011,16.504533709811763,0.0003775322389463117,0.007001350029516647,0.007378882268462958
0.008279999999999831,2467662.930703116,616.4800062985706,2858.8864386745568,0.7169066519974175,0.03072305606912146,3.135838007334782,16.513407433608325,0.00037922334924545107,0.006999658919217507,0.007378882268462958
0.00828999999999983,2469765.326996555,616.6730134983762,2859.0844064875278,0.7172966677894056,0.03076080856656746,3.138292358883094,16.522303712075843,0.0003809214854261472,0.006997960783036811,0.007378882268462958
0.00829999999999983,2471875.175913391,616.8668304012832,2859.283203903328,0.7176885247459445,0.03079857239492249,3.1407549285746392,16.531222565700208,0.00038262668013499515,0.0069962555883279634,0.007378882268462958
0.00830999999999983,2473992.5061348015,617.0614613042218,2859.4828353133216,0.718082234062245,0.030836347608223864,3.143225744164573,16.54016401467263,0.0003843389662129353,0.0069945433022500225,0.007378882268462958
0.00831999999999983,2476117.346500519,617.2569105379391,2859.6833051433487,0.7184778070294304,0.030874134260835316,3.145704833534247,16.54912807888452,0.0003860583766966937,0.006992823891766265,0.007378882268462958
0.008329999999999829,2478249.726010039,617.4531824673527,2859.8846178540775,0.7188752550355969,0.03091193240744975,3.148192224691947,16.558114777922217,0.0003877849448202341,0.0069910973236427245,0.007378882268462958
0.008339999999999828,2480389.6738238377,617.6502814919083,2860.0867779413734,0.7192745895668853,0.030949742103091992,3.1506879457736328,16.567124131061707,0.00038951870401622574,0.006989363564446733,0.007378882268462958
0.008349999999999828,2482537.219264605,617.8482120459428,2860.289789936666,0.719675822208571,0.030987563403121587,3.1531920250436793,16.57615615726322,0.0003912596879175217,0.006987622580545437,0.007378882268462958
0.008359999999999828,2484692.3918184866,618.0469785990507,2860.493658407321,0.7200789646461676,0.03102539636323562,3.1557044908956344,16.585210875165746,0.0003930079303586524,0.006985874338104306,0.007378882268462958
0.008369999999999827,2486855.2211363404,618.246585656457,2860.6983879570225,0.7204840286665429,0.031063241039471567,3.158225371852969,16.594288303081488,0.0003947634653773324,0.006984118803085626,0.007378882268462958
0.008379999999999827,2489025.737035003,618.4470377593934,2860.903983226151,0.7208910261590555,0.031101097488210192,3.160754696569839,16.603388458990196,0.00039652632721598127,0.006982355941246977,0.007378882268462958
0.008389999999999826,2491203.969498571,618.6483394854807,2861.1104488921756,0.7212999691167007,0.03113896576617845,3.163292493831849,16.61251136053346,0.00039829655032325764,0.006980585718139701,0.007378882268462958
0.008399999999999826,2493389.948679694,618.850495449115,2861.3177896700454,0.7217108696372778,0.031176845930452442,3.165838792556823,16.62165702500888,0.00040007416935560814,0.00697880809910735,0.007378882268462958
0.008409999999999826,2495583.7049008794,619.0535103018599,2861.5260103125884,0.7221237399245678,0.03121473803846039,3.168393621795581,16.63082546936413,0.00040185921917883005,0.006977023049284129,0.007378882268462958
0.008419999999999825,2497785.268655812,619.2573887328434,2861.7351156109157,0.7225385922895344,0.031252642147985656,3.170957010732711,16.640016710190995,0.00040365173486964895,0.006975230533593309,0.007378882268462958
0.008429999999999825,2499994.670610685,619.4621354691601,2861.945110394829,0.7229554391515338,0.031290558317169787,3.173528988687365,16.649230763719263,0.0004054517517173102,0.006973430516745648,0.007378882268462958
0.008439999999999824,2502211.9416055465,619.6677552762791,2862.155999533235,0.7233742930395465,0.0313284866045156,3.176109585114042,16.658467645810525,0.0004072593052251861,0.006971622963237772,0.007378882268462958
0.008449999999999824,2504437.112655658,619.8742529584565,2862.367787934568,0.7237951665934242,0.031366427068890285,3.178698829603381,16.667727371951916,0.00040907443111239805,0.00696980783735056,0.007378882268462958
0.008459999999999824,2506670.2149528647,620.0816333591542,2862.5804805472103,0.7242180725651555,0.031404379769528555,3.1812967518829676,16.677009957249705,0.00041089716531545124,0.006967985103147507,0.007378882268462958
0.008469999999999823,2508911.279866984,620.2899013614641,2862.7940823599292,0.7246430238201476,0.03144234476603584,3.1839033818181317,16.686315416422836,0.0004127275439898888,0.00696615472447307,0.007378882268462958
0.008479999999999823,2511160.3389472044,620.4990618885375,2863.008598402308,0.7250700333385262,0.03148032211839152,3.1865187494127616,16.695643763796333,0.00041456560351195784,0.006964316664951,0.007378882268462958
0.008489999999999822,2513417.4239235,620.7091199040208,2863.224033745194,0.7254991142164549,0.03151831188695213,3.1891428848101198,16.70499501329463,0.00041641138048029353,0.006962470887982665,0.007378882268462958
0.008499999999999822,2515682.5667080586,620.9200804124963,2863.4403935011414,0.7259302796674719,0.03155631413245471,3.191775818293661,16.71436917843479,0.00041826491171761726,0.006960617356745341,0.007378882268462958
0.008509999999999822,2517955.7993967263,621.1319484599306,2863.6576828248712,0.726363543023845,0.0315943289160201,3.1944175802878587,16.723766272319587,0.000420126234272451,0.006958756034190507,0.007378882268462958
0.008519999999999821,2520237.154270463,621.3447291341266,2863.8759069137286,0.7267989177379482,0.031632356299156304,3.197068201359036,16.73318630763053,0.0004219953854208491,0.006956886883042109,0.007378882268462958
0.00852999999999982,2522526.6637968174,621.5584275651838,2864.0950710081506,0.7272364173836551,0.03167039634376193,3.1997277122162013,16.74262929662074,0.00042387240266814486,0.006955009865794813,0.007378882268462958
0.00853999999999982,2524824.360631413,621.7730489259638,2864.3151803921396,0.727676055657753,0.0317084491121296,3.202396143711891,16.75209525110775,0.0004257573237507153,0.006953124944712243,0.007378882268462958
0.00854999999999982,2527130.277619452,621.9885984325624,2864.536240393743,0.7281178463813796,0.03174651466694943,3.2050735268430164,16.761584182466137,0.0004276501866377602,0.006951232081825198,0.007378882268462958
0.00855999999999982,2529444.447797235,622.2050813447876,2864.7582563855394,0.7285618035014747,0.03178459307131259,3.2077598927517115,16.771096101620113,0.0004295510295331013,0.006949331238929857,0.007378882268462958
0.008569999999999819,2531766.9043936925,622.4225029666452,2864.9812337851313,0.7290079410922579,0.031822684388714814,3.210455272726196,16.780631019035937,0.0004314598908769949,0.006947422377585963,0.007378882268462958
0.008579999999999819,2534097.680831937,622.6408686468302,2865.205178055645,0.7294562733567266,0.03186078868306005,3.2131596982016335,16.790188944714227,0.00043337680934796524,0.006945505459114993,0.007378882268462958
0.008589999999999818,2536436.81073083,622.8601837792254,2865.430094706235,0.7299068146281719,0.03189890601866407,3.215873200761005,16.799769888182183,0.00043530182386465263,0.006943580444598306,0.007378882268462958
0.008599999999999818,2538784.327906561,623.0804538034062,2865.6559892926025,0.7303595793717207,0.03193703646025818,3.218595812135975,16.80937385848563,0.0004372349735876815,0.0069416472948752765,0.007378882268462958
0.008609999999999817,2541140.2663742513,623.3016842051534,2865.8828674175084,0.7308145821858977,0.031975180072992944,3.2213275642077797,16.81900086418098,0.00043917629792154453,0.006939705970541414,0.007378882268462958
0.008619999999999817,2543504.6603495656,623.5238805169724,2866.110734731308,0.7312718378042112,0.032013336922441946,3.2240684890081015,16.82865091332706,0.0004411258365165065,0.0069377564319464515,0.007378882268462958
0.008629999999999817,2545877.5442503467,623.7470483186202,2866.339596932482,0.7317313610967616,0.03205150707460562,3.2268186187199692,16.83832401347678,0.00044308362927052467,0.006935798639192433,0.007378882268462958
0.008639999999999816,2548258.9526982657,623.9711932376381,2866.569459768179,0.732193167071873,0.03208969059591509,3.229577985678646,16.848020171668722,0.00044504971633119,0.006933832552131768,0.007378882268462958
0.008649999999999816,2550648.920520488,624.196320949895,2866.8003290347674,0.7326572708777483,0.032127887553236104,3.232346622372535,16.857739394418537,0.00044702413809768413,0.006931858130365274,0.007378882268462958
0.008659999999999815,2553047.482751359,624.4224371801348,2867.032210578392,0.7331236878041509,0.032166098013872955,3.235124561444081,16.86748168771026,0.0004490069352227589,0.0069298753332402,0.007378882268462958
0.008669999999999815,2555454.6746341065,624.6495477025338,2867.2651102955388,0.7335924332841073,0.032204322045572505,3.2379118356906904,16.87724705698744,0.0004509981486147315,0.0069278841198482264,0.007378882268462958
0.008679999999999815,2557870.531622561,624.877658341265,2867.49903413361,0.734063522895639,0.03224255971652821,3.240708478065641,16.887035507144162,0.00045299781943950276,0.006925884449023456,0.007378882268462958
0.008689999999999814,2560295.0893828976,625.1067749710711,2867.7339880915033,0.7345369723635152,0.03228081109538422,3.2435145216790144,16.896847042515923,0.0004550059891225907,0.0069238762793403675,0.007378882268462958
0.008699999999999814,2562728.38379539,625.3369035178445,2867.9699782202033,0.7350127975610378,0.032319076251239524,3.246329999798616,16.906681666870327,0.00045702269935118944,0.006921859569111769,0.007378882268462958
0.008709999999999813,2565170.450956189,625.5680499592165,2868.20701062338,0.7354910145118454,0.03235735525365213,3.249154945850916,16.916539383397684,0.00045904799207624193,0.006919834276386716,0.007378882268462958
0.008719999999999813,2567621.327179119,625.8002203251547,2868.445091457993,0.7359716393917505,0.03239564817264331,3.251989393421989,16.926420194701418,0.0004610819095145391,0.00691780035894842,0.007378882268462958
0.008729999999999813,2570081.048997491,626.0334206985686,2868.6842269349095,0.7364546885306013,0.03243395507870188,3.2548333762584574,16.93632410278833,0.00046312449415083525,0.006915757774312123,0.007378882268462958
0.008739999999999812,2572549.6531659397,626.2676572159241,2868.924423319526,0.7369401784141726,0.03247227604278856,3.2576869282684484,16.94625110905873,0.0004651757887399865,0.006913706479722972,0.007378882268462958
0.008749999999999812,2575027.1766622756,626.502936067867,2869.165686932402,0.7374281256860806,0.03251061113634035,3.260550083522548,16.956201214296364,0.00046723583630910984,0.006911646432153849,0.007378882268462958
0.008759999999999811,2577513.656689361,626.7392634998548,2869.408024149903,0.7379185471497359,0.03254896043127498,3.263422876254766,16.96617441865823,0.00046930468015976367,0.0069095775883031944,0.007378882268462958
0.008769999999999811,2580009.1306770057,626.9766458127984,2869.6514414048506,0.7384114597703154,0.03258732399999542,3.2663053408635045,16.976170721664182,0.0004713823638701492,0.006907499904592809,0.007378882268462958
0.00877999999999981,2582513.6362838815,627.2150893637132,2869.8959451871824,0.7389068806767705,0.03262570191539441,3.2691975119125365,16.986190122186404,0.00047346893129733493,0.0069054133371656235,0.007378882268462958
0.00878999999999981,2585027.2113994593,627.4546005663784,2870.1415420446247,0.7394048271638672,0.0326640942508591,3.272099424131981,16.99623261843869,0.0004755644265795025,0.006903317841883456,0.007378882268462958
0.00879999999999981,2587549.8941459674,627.6951858920074,2870.38823858337,0.7399053166942489,0.032702501080275684,3.2750111124192944,17.006298207965557,0.00047766889413821545,0.006901213374324743,0.007378882268462958
0.00880999999999981,2590081.7228803714,627.9368518699272,2870.636041468768,0.7404083669005412,0.03274092247803414,3.277932611840262,17.01638688763118,0.0004797823786807095,0.006899099889782248,0.007378882268462958
0.008819999999999809,2592622.7361963755,628.1796050882676,2870.8849574260253,0.7409139955874815,0.032779358519033,3.280863957629996,17.02649865360816,0.000481904925202208,0.00689697734326075,0.007378882268462958
0.008829999999999808,2595172.9729264453,628.4234521946611,2871.1349932409157,0.7414222207340829,0.03281780927868419,3.28380518519394,17.036633501366094,0.00048403657898825813,0.0068948456894747,0.007378882268462958
0.008839999999999808,2597732.4721438554,628.6683998969526,2871.386155760501,0.741933060495835,0.03285627483291794,3.2867563301088807,17.04679142565994,0.0004861773856170923,0.006892704882845866,0.007378882268462958
0.008849999999999808,2600301.2731647575,628.9144549639203,2871.638451893861,0.7424465332069323,0.032894755258187726,3.289717428123961,17.056972420518242,0.0004883273909620136,0.006890554877500944,0.007378882268462958
0.008859999999999807,2602879.415550272,629.161624226006,2871.891888612838,0.7429626573825454,0.03293325063147528,3.292688515161704,17.06717647923114,0.0004904866411938037,0.0068883956272691544,0.007378882268462958
0.008869999999999807,2605466.9391086046,629.4099145760574,2872.146472952786,0.7434814517211172,0.03297176103029569,3.295669627319043,17.077403594338133,0.000492655182783156,0.006886227085679803,0.007378882268462958
0.008879999999999806,2608063.8838971844,629.6593329700812,2872.4022120133395,0.744002935106706,0.03301028653270254,3.2986608008683493,17.087653757615733,0.0004948330625031349,0.006884049205959824,0.007378882268462958
0.008889999999999806,2610670.2902248283,629.9098864280073,2872.659112959184,0.7445271266113546,0.03304882721729311,3.3016620722584804,17.097926960064846,0.0004970203274316573,0.006881861941031301,0.007378882268462958
0.008899999999999806,2613286.1986539275,630.1615820344641,2872.917183020848,0.745054045497507,0.03308738316321364,3.3046734781158142,17.108223191897956,0.0004992170249540028,0.006879665243508955,0.007378882268462958
0.008909999999999805,2615911.6500026616,630.4144269395662,2873.1764294954983,0.7455837112204515,0.03312595445016471,3.3076950552453135,17.11854244252614,0.000501423202765345,0.006877459065697613,0.007378882268462958
0.008919999999999805,2618546.6853472353,630.6684283597133,2873.4368597477533,0.7461161434308144,0.033164541158406585,3.310726840631574,17.128884700545807,0.0005036389088733148,0.006875243359589643,0.007378882268462958
0.008929999999999804,2621191.346024141,630.9235935784017,2873.6984812105047,0.7466513619770828,0.03320314336876473,3.31376887143989,17.13924995372525,0.0005058641916005839,0.006873018076862374,0.007378882268462958
0.008939999999999804,2623845.67363245,631.1799299470476,2873.961301385754,0.7471893869081736,0.03324176116263535,3.316821185017326,17.149638188991,0.0005080990995874789,0.00687078316887548,0.007378882268462958
0.008949999999999804,2626509.7100361246,631.4374448858238,2874.225327845459,0.7477302384760414,0.03328039462199099,3.3198838188937883,17.16004939241386,0.0005103436817946211,0.006868538586668338,0.007378882268462958
0.008959999999999803,2629183.497366363,631.6961458845072,2874.490568232399,0.7482739371383279,0.033319043829386226,3.3229568107831082,17.170483549194852,0.0005125979875055934,0.006866284280957365,0.007378882268462958
0.008969999999999803,2631867.0780239673,631.956040503342,2874.7570302610425,0.7488205035610536,0.03335770886796341,3.3260401985841304,17.180940643650793,0.0005148620663296355,0.006864020202133322,0.007378882268462958
0.008979999999999802,2634560.494681739,632.2171363739138,2875.0247217184424,0.7493699586213525,0.033396389821458525,3.3291340203818005,17.191420659199682,0.0005171359682043656,0.0068617463002585925,0.007378882268462958
0.008989999999999802,2637263.7902869033,632.4794412000387,2875.2936504651316,0.7499223234102513,0.03343508677420706,3.3322383144482695,17.201923578345873,0.0005194197433985327,0.006859462525064425,0.007378882268462958
0.008999999999999802,2639977.0080635627,632.7429627586645,2875.56382443604,0.7504776192354948,0.03347379981115002,3.335353119243994,17.21244938266495,0.0005217134425147957,0.006857168825948163,0.007378882268462958
0.009009999999999801,2642700.191515176,633.0077089007879,2875.8352516414243,0.7510358676244122,0.03351252901783996,3.338478473418849,17.222998052788377,0.0005240171164925314,0.006854865151970427,0.007378882268462958
0.0090199999999998,2645433.38442707,633.273687552384,2876.1079401678116,0.751597090326835,0.033551274480447126,3.3416144158132424,17.233569568387868,0.0005263308166106755,0.006852551451852283,0.007378882268462958
0.0090299999999998,2648176.630868977,633.5409067153518,2876.3818981789555,0.7521613093180617,0.033590036285765686,3.344760985459239,17.244163908159518,0.0005286545944905873,0.006850227673972371,0.007378882268462958
0.0090399999999998,2650929.9751976053,633.809374468473,2876.657133916812,0.7527285468018671,0.033628814521220005,3.347918221581684,17.254781049807626,0.0005309885020989501,0.006847893766364008,0.007378882268462958
0.0090499999999998,2653693.462059239,634.0790989683875,2876.933655702527,0.753298825213565,0.03366760927487104,3.351086163599343,17.26542097002831,0.0005333325917506989,0.006845549676712259,0.007378882268462958
0.009059999999999799,2656467.136392367,634.3500884505818,2877.2114719374395,0.7538721672231191,0.03370642063542278,3.354264851126032,17.27608364449278,0.0005356869161119813,0.006843195352350977,0.007378882268462958
0.009069999999999799,2659251.043430346,634.6223512303962,2877.4905911040996,0.7544485957383057,0.033745248692228814,3.3574543239717736,17.28676904783033,0.0005380515282031469,0.006840830740259811,0.007378882268462958
0.009079999999999798,2662045.2287040935,634.8958957040451,2877.7710217673084,0.7550281339079282,0.033784093535298966,3.360654622143938,17.297477153611098,0.0005404264814017722,0.006838455787061186,0.007378882268462958
0.009089999999999798,2664849.7380448123,635.1707303496544,2878.0527725751667,0.7556108051250856,0.033822955255305986,3.3638657858484016,17.308207934328465,0.0005428118294457142,0.006836070439017244,0.007378882268462958
0.009099999999999797,2667664.61758675,635.4468637283161,2878.3358522601443,0.7561966330304949,0.03386183394359239,3.367087855490713,17.3189613613812,0.0005452076264361985,0.0068336746420267595,0.007378882268462958
0.009109999999999797,2670489.9137699893,635.724304485159,2878.6202696401656,0.7567856415158682,0.03390072969217735,3.3703208716772544,17.329737405055248,0.0005476139268409403,0.006831268341622018,0.007378882268462958
0.009119999999999797,2673325.673343274,636.0030613504364,2878.906033619714,0.7573778547273485,0.033939642593763655,3.373564875216417,17.34053603450527,0.0005500307854972981,0.00682885148296566,0.007378882268462958
0.009129999999999796,2676171.9433668656,636.2831431406315,2879.1931531909495,0.7579732970689989,0.03397857274174486,3.3768199071197813,17.3513572177358,0.0005524582576154614,0.006826424010847497,0.007378882268462958
0.009139999999999796,2679028.771215441,636.5645587595808,2879.4816374348507,0.7585719932063557,0.03401752023021239,3.3800860086032958,17.36220092158214,0.0005548963987816743,0.006823985869681284,0.007378882268462958
0.009149999999999795,2681896.204581019,636.8473171996153,2879.7714955223682,0.7591739680700371,0.03405648515396289,3.3833632210884708,17.37306711169085,0.0005573452649614906,0.006821537003501467,0.007378882268462958
0.009159999999999795,2684774.2914759247,637.1314275427202,2880.062736715604,0.7597792468594163,0.03409546760850552,3.3866515862035698,17.383955752499975,0.0005598049125030684,0.00681907735595989,0.007378882268462958
0.009169999999999795,2687663.0802357923,637.4168989617136,2880.355370369002,0.7603878550463529,0.0341344676900695,3.3899511457848117,17.39486680721888,0.000562275398140496,0.006816606870322462,0.007378882268462958
0.009179999999999794,2690562.6195226014,637.7037407214443,2880.649405930565,0.7609998183789932,0.03417348549561164,3.3932619418775714,17.405800237807735,0.0005647567789971578,0.0068141254894658,0.007378882268462958
0.009189999999999794,2693472.958327754,637.9919621800093,2880.944852943088,0.7616151628856308,0.03421252112282403,3.3965840167375942,17.41675600495669,0.0005672491125891333,0.006811633155873825,0.007378882268462958
0.009199999999999793,2696394.145975186,638.2815727899908,2881.2417210454096,0.7622339148786348,0.03425157467014183,3.3999174128322083,17.427734068064602,0.0005697524568286373,0.006809129811634321,0.007378882268462958
0.009209999999999793,2699326.2321245214,638.5725820997144,2881.5400199736905,0.7628561009584471,0.03429064623675115,3.4032621728415453,17.438734385217483,0.0005722668700274931,0.006806615398435465,0.007378882268462958
0.009219999999999793,2702269.2667742614,638.864999754527,2881.839759562706,0.763481748017646,0.034329735922597034,3.406618339659764,17.4497569131665,0.0005747924109006481,0.00680408985756231,0.007378882268462958
0.009229999999999792,2705223.300265017,639.158835498097,2882.140949747163,0.7641108832450827,0.03436884382839161,3.4099859563962824,17.460801607305605,0.0005773291385697246,0.0068015531298932334,0.007378882268462958
0.009239999999999792,2708188.3832827797,639.4540991737347,2882.44360056304,0.7647435341300868,0.034407970055622246,3.4133650663770108,17.4718684216488,0.0005798771125666128,0.006799005155896346,0.007378882268462958
0.009249999999999791,2711164.566862234,639.7508007257363,2882.747722148947,0.7653797284667474,0.03444711470655995,3.4167557131455886,17.48295730880695,0.0005824363928371001,0.006796445875625858,0.007378882268462958
0.009259999999999791,2714151.9023901117,640.048950200749,2883.0533247475087,0.766019494358268,0.034486277884267766,3.420157940464632,17.494068219964227,0.0005850070397445437,0.0067938752287184144,0.007378882268462958
0.00926999999999979,2717150.4416085896,640.3485577491596,2883.3604187067717,0.7666628602213975,0.03452545969260936,3.4235717923169786,17.505201104854127,0.0005875891140735827,0.006791293154389376,0.007378882268462958
0.00927999999999979,2720160.2366187274,640.6496336265063,2883.6690144816343,0.7673098547909389,0.03456466023625771,3.4269973129069426,17.516355911735022,0.0005901826770338904,0.006788699591429068,0.007378882268462958
0.00928999999999979,2723181.3398839533,640.9521881949148,2883.979122635302,0.7679605071243392,0.034603879620703916,3.430434546661568,17.527532587365346,0.0005927877902639703,0.006786094478198988,0.007378882268462958
0.00929999999999979,2726213.80423359,641.2562319245576,2884.2907538407626,0.768614846606357,0.034643117952266114,3.4338835382318917,17.538731076978262,0.0005954045158349934,0.006783477752627965,0.007378882268462958
0.009309999999999789,2729257.6828664294,641.5617753951394,2884.6039188822942,0.7692729029538175,0.03468237533809855,3.437344332494208,17.54995132425593,0.0005980329162546795,0.006780849352208278,0.007378882268462958
0.009319999999999789,2732313.0293543506,641.8688292974067,2884.918628656994,0.7699347062204477,0.034721651886200765,3.440816974551334,17.56119327130328,0.00060067305447122,0.006778209213991738,0.007378882268462958
0.009329999999999788,2735379.8976459866,642.1774044346838,2885.234894176329,0.7706002868018015,0.034760947705426905,3.4443015097338896,17.572456858621358,0.0006033249938772468,0.006775557274585712,0.007378882268462958
0.009339999999999788,2738458.3420704356,642.4875117244351,2885.5527265677247,0.7712696754402701,0.034800262905495184,3.4477979836015606,17.583742025080095,0.0006059887983138467,0.006772893470149112,0.007378882268462958
0.009349999999999787,2741548.4173410246,642.7991621998541,2885.872137076168,0.7719429032301849,0.034839597596997444,3.451306441944391,17.595048707890697,0.000608664532074618,0.00677021773638834,0.007378882268462958
0.009359999999999787,2744650.178559118,643.1123670114799,2886.19313706585,0.7726200016230119,0.03487895189140891,3.4548269307840567,17.606376842577475,0.0006113522599097757,0.006767530008553182,0.007378882268462958
0.009369999999999786,2747763.681217978,643.4271374288419,2886.5157380218243,0.7733010024326382,0.034918325901098016,3.4583594963751545,17.617726362949153,0.0006140520470303031,0.0067648302214326555,0.007378882268462958
0.009379999999999786,2750888.981206674,643.7434848421324,2886.839951551707,0.7739859378407574,0.034957719739336444,3.4619041852064885,17.62909720106967,0.0006167639591121495,0.006762118309350809,0.007378882268462958
0.009389999999999786,2754026.134814048,644.061420763909,2887.1657893873967,0.7746748404023509,0.03499713352030925,3.4654610440023634,17.64048928722847,0.0006194880623004771,0.006759394206162481,0.007378882268462958
0.009399999999999785,2757175.198732725,644.3809568308274,2887.4932633868266,0.7753677430512681,0.035036567359125165,3.4690301197238784,17.6519025499102,0.000622224423213955,0.006756657845249004,0.007378882268462958
0.009409999999999785,2760336.230063182,644.7021048054024,2887.8223855357523,0.7760646791059166,0.03507602137182706,3.4726114595702224,17.6633369157639,0.0006249731089491053,0.006753909159513853,0.007378882268462958
0.009419999999999784,2763509.286317869,645.0248765778027,2888.1531679495647,0.7767656822750448,0.03511549567540253,3.4762051109799685,17.674792309571576,0.0006277341870846958,0.006751148081378262,0.007378882268462958
0.009429999999999784,2766694.4254253865,645.3492841676751,2888.485622875137,0.777470786663643,0.03515499038779464,3.479811121632382,17.686268654216235,0.000630507725686185,0.006748374542776773,0.007378882268462958
0.009439999999999784,2769891.705734716,645.6753397260026,2888.8197626927054,0.7781800267789453,0.03519450562791287,3.4834295394487156,17.697765870649324,0.0006332937933102187,0.0067455884751527395,0.007378882268462958
0.009449999999999783,2773101.186019509,646.0030555369942,2889.1555999177826,0.7788934375365487,0.03523404151564415,3.4870604125935154,17.709283877857526,0.0006360924590091781,0.00674278980945378,0.007378882268462958
0.009459999999999783,2776322.9254824356,646.3324440200106,2889.493147203104,0.7796110542666423,0.03527359817186416,3.490703789475927,17.720822592828974,0.000638903792335781,0.006739978476127177,0.007378882268462958
0.009469999999999782,2779556.983759587,646.6635177315212,2889.832417340611,0.7803329127203575,0.03531317571844866,3.494359718750997,17.732381930518834,0.0006417278633477371,0.006737154405115221,0.007378882268462958
0.009479999999999782,2782803.420924944,646.9962893670995,2890.173423263467,0.7810590490762319,0.03535277427828513,3.498028249320984,17.74396180381424,0.0006445647426124555,0.006734317525850503,0.007378882268462958
0.009489999999999782,2786062.2974948986,647.330771763452,2890.5161780481126,0.7817894999467992,0.03539239397528449,3.501709430336663,17.755562123498553,0.0006474145012118104,0.006731467767251148,0.007378882268462958
0.009499999999999781,2789333.674432846,647.6669779004859,2890.860694916356,0.7825243023853029,0.03543203493439306,3.505403311198631,17.767182798214964,0.0006502772107469602,0.006728605057715998,0.007378882268462958
0.00950999999999978,2792617.6131538316,648.0049209034123,2891.2069872375005,0.7832634938925361,0.0354716972816046,3.5091099415586178,17.778823734429434,0.0006531529433432246,0.006725729325119734,0.007378882268462958
0.00951999999999978,2795914.1755292676,648.3446140448896,2891.5550685305147,0.7840071124238126,0.03551138114397268,3.5128293713207888,17.790484836392856,0.0006560417716550171,0.006722840496807941,0.007378882268462958
0.00952999999999978,2799223.423891712,648.6860707472044,2891.9049524662364,0.7847551963960716,0.03555108664962312,3.5165616506430517,17.802166006102627,0.0006589437688708407,0.006719938499592118,0.007378882268462958
0.00953999999999978,2802545.4210397126,649.0293045844943,2892.2566528696207,0.7855077846951164,0.03559081392776665,3.520306829938363,17.81386714326335,0.0006618590087183355,0.006717023259744622,0.007378882268462958
0.00954999999999978,2805880.230242722,649.3743292850096,2892.6101837220294,0.7862649166829946,0.03563056310871177,3.524064959876029,17.825588145246893,0.000664787565469393,0.006714094702993566,0.007378882268462958
0.009559999999999779,2809227.9152460787,649.7211587334185,2892.96555916356,0.7870266322055214,0.03567033432387785,3.527836091383007,17.837328907051624,0.0006677295139453269,0.006711152754517631,0.007378882268462958
0.009569999999999778,2812588.540276056,650.0698069731543,2893.322793495421,0.7877929715999451,0.03571012770580835,3.5316202756452064,17.849089321260887,0.0006706849295221077,0.00670819733894085,0.007378882268462958
0.009579999999999778,2815962.1700449875,650.420288208806,2893.681901182349,0.7885639757027656,0.03574994338818428,3.535417564108783,17.86086927800071,0.000673653888135659,0.0067052283803273,0.007378882268462958
0.009589999999999778,2819348.869756458,650.7726168085545,2894.0428968550705,0.789339685857703,0.03578978150583791,3.539228008481433,17.872668664896615,0.0006766364662872174,0.006702245802175741,0.007378882268462958
0.009599999999999777,2822748.7051105737,651.1268073066533,2894.4057953128113,0.790120143923824,0.03582964219476663,3.543051660733687,17.884487367029706,0.0006796327410487572,0.006699249527414201,0.007378882268462958
0.009609999999999777,2826161.7423093035,651.4828744059569,2894.770611525853,0.7909053922838237,0.03586952559214705,3.5468885731001896,17.896325266891786,0.0006826427900684806,0.006696239478394477,0.007378882268462958
0.009619999999999776,2829588.0480618975,651.8408329804965,2895.1373606381358,0.7916954738524805,0.035909431836349356,3.550738798080986,17.908182244339713,0.0006856666915763729,0.006693215576886585,0.007378882268462958
0.009629999999999776,2833027.689590384,652.2006980781046,2895.5060579699116,0.7924904320852649,0.03594936106695182,3.5546023884427997,17.92005817654879,0.0006887045243898261,0.006690177744073132,0.007378882268462958
0.009639999999999775,2836480.734635143,652.5624849230891,2895.876719020448,0.7932903109871305,0.03598931342475561,3.558479397220302,17.931952937965274,0.0006917563679193315,0.006687125900543627,0.007378882268462958
0.009649999999999775,2839947.251460563,652.9262089189592,2896.249359470782,0.794095155121477,0.03602928905179978,3.5623698777173787,17.94386640025797,0.0006948223021742394,0.006684059966288719,0.007378882268462958
0.009659999999999775,2843427.3088607765,653.2918856512033,2896.623995186528,0.7949050096192872,0.03606928809137655,3.566273883508389,17.955798432268825,0.0006979024077685903,0.006680979860694368,0.007378882268462958
0.009669999999999774,2846920.9761654814,653.6595308901198,2897.00064222074,0.7957199201884565,0.036109310688046785,3.5701914684394214,17.96774889996259,0.0007009967659270175,0.0066778855025359405,0.007378882268462958
0.009679999999999774,2850428.3232458457,654.0291605937032,2897.3793168168236,0.7965399331233054,0.036149356987655736,3.5741226866295372,17.979717666375496,0.0007041054584907226,0.0066747768099722354,0.007378882268462958
0.009689999999999773,2853949.420520499,654.4007909105857,2897.7600354115143,0.7973650953142826,0.036189427137349045,3.578067592472005,17.991704591562865,0.0007072285679235227,0.006671653700539435,0.007378882268462958
0.009699999999999773,2857484.3389616106,654.7744381830365,2898.1428146379035,0.7981954542578699,0.036229521285589004,3.5820262406355345,18.00370953254571,0.0007103661773179726,0.006668516091144986,0.007378882268462958
0.009709999999999773,2861033.1501010605,655.150118950019,2898.5276713285275,0.7990310580666871,0.036269639582171075,3.5859986860654924,18.01573234325629,0.0007135183704015649,0.006665363898061393,0.007378882268462958
0.009719999999999772,2864595.926036698,655.5278499503081,2898.9146225185195,0.7998719554798015,0.03630978217824066,3.589984983985111,18.02777287448252,0.0007166852315430033,0.006662197036919955,0.007378882268462958
0.009729999999999772,2868172.739438694,655.9076481256694,2899.3036854488173,0.8007181958732525,0.03634994922631018,3.5939851898966895,18.039830973811327,0.0007198668457585562,0.006659015422704402,0.007378882268462958
0.009739999999999771,2871763.663555991,656.2895306241004,2899.6948775694395,0.8015698292707919,0.03639014088027641,3.597999359582777,18.051906485570807,0.0007230632987184881,0.0066558189697444705,0.007378882268462958
0.009749999999999771,2875368.7722228444,656.673514803136,2900.0882165428234,0.8024269063548446,0.03643035729543811,3.6020275491073517,18.06399925077129,0.0007262746767535719,0.006652607591709386,0.007378882268462958
0.00975999999999977,2878988.139865467,657.0596182332205,2900.48372024723,0.8032894784776997,0.036470598628513935,3.6060698148169776,18.07610910704511,0.000729501066861683,0.006649381201601275,0.007378882268462958
0.00976999999999977,2882621.84150877,657.447858701146,2900.8814067802173,0.804157597672934,0.03651086503766065,3.6101262133419554,18.08823588858526,0.0007327425567144745,0.006646139711748484,0.007378882268462958
0.00977999999999977,2886269.9527832074,657.8382542135602,2901.2812944621805,0.805031316667074,0.03655115668249165,3.6141968015974553,18.100379426082707,0.0007359992346641371,0.006642883033798821,0.007378882268462958
0.00978999999999977,2889932.549931726,658.2308230005449,2901.6834018399672,0.8059106888915032,0.03659147372409578,3.6182816367846335,18.112539546662507,0.0007392711897502453,0.006639611078712713,0.007378882268462958
0.009799999999999769,2893609.709816817,658.6255835192665,2902.087747690561,0.8067957684946206,0.036631816325056486,3.6223807763917333,18.12471607381852,0.0007425585117066887,0.00663632375675627,0.007378882268462958
0.009809999999999769,2897301.5099276816,659.0225544577005,2902.4943510248445,0.8076866103542581,0.036672184649471265,3.6264942781951683,18.136908827346854,0.0007458612909686895,0.006633020977494269,0.007378882268462958
0.009819999999999768,2901008.0283874995,659.421754738432,2902.9032310914317,0.8085832700903578,0.036712578862971454,3.6306222002605892,18.149117623277935,0.0007491796186799137,0.0066297026497830445,0.007378882268462958
0.009829999999999768,2904729.3439608165,659.8232035225342,2903.314407380585,0.8094858040779246,0.03675299913274238,3.6347646009439276,18.161342273807104,0.0007525135866996672,0.006626368681763291,0.007378882268462958
0.009839999999999767,2908465.536061042,660.2269202135254,2903.7278996282103,0.810394269460254,0.0367934456275438,3.6389215388924203,18.17358258722385,0.0007558632876101888,0.006623018980852769,0.007378882268462958
0.009849999999999767,2912216.6847580653,660.6329244614091,2904.1437278199314,0.8113087241624417,0.03683391851773075,3.643093073045615,18.185838367839523,0.0007592288147240313,0.006619653453738927,0.007378882268462958
0.009859999999999767,2915982.8707859893,661.0412361667954,2904.5619121952514,0.8122292269051931,0.036874417975274666,3.6472792626363497,18.198109415913567,0.0007626102620915423,0.006616272006371416,0.007378882268462958
0.009869999999999766,2919764.175550987,661.451875485111,2904.9824732517995,0.8131558372189189,0.036914944173785005,3.6514801671917096,18.210395527578175,0.0007660077245084362,0.006612874543954522,0.007378882268462958
0.009879999999999766,2923560.6811392796,661.8648628308943,2905.4054317496643,0.8140886154581531,0.036955497288531085,3.6556958465339577,18.222696494761355,0.0007694212975234689,0.0066094609709394896,0.007378882268462958
0.009889999999999765,2927372.4703252427,662.2802188821811,2905.830808715821,0.8150276228162727,0.03699607749646441,3.659926360781439,18.23501210510844,0.0007728510774462059,0.006606031191016753,0.007378882268462958
0.009899999999999765,2931199.6265796414,662.6979645849837,2906.258625448647,0.8159729213405477,0.03703668497624135,3.664171770349461,18.24734214190185,0.0007762971613548957,0.006602585107108062,0.007378882268462958
0.009909999999999764,2935042.234077993,663.1181211578628,2906.688903522533,0.8169245739475195,0.03707731990824621,3.668432135951137,18.25968638397919,0.0007797596471044424,0.006599122621358516,0.007378882268462958
0.009919999999999764,2938900.377709068,663.5407100965972,2907.121664792599,0.817882644438722,0.037117982474614716,3.672707518598205,18.27204460564962,0.0007832386333344837,0.006595643635128474,0.007378882268462958
0.009929999999999764,2942774.1430835254,663.9657531789529,2907.556931399495,0.8188471975167484,0.03715867285925791,3.6769979796018144,18.284416576608383,0.0007867342194775726,0.006592148048985386,0.007378882268462958
0.009939999999999763,2946663.6165426867,664.3932724695533,2907.9947257743215,0.8198182988016791,0.03719939124788647,3.6813035805732723,18.296802061849554,0.0007902465057674683,0.00658863576269549,0.007378882268462958
0.009949999999999763,2950568.885167454,664.8232903248546,2908.43507064364,0.8207960148478742,0.03724013782803545,3.6856243834247637,18.309200821576884,0.0007937755932475313,0.006585106675215427,0.007378882268462958
0.009959999999999762,2954490.03678737,665.2558293982279,2908.8779890346004,0.8217804131611492,0.0372809127890895,3.689960450370028,18.3216126111127,0.0007973215837792352,0.006581560684683723,0.007378882268462958
0.009969999999999762,2958427.159989832,665.6909126451511,2909.323504280175,0.8227715622163291,0.037321716322308476,3.694311843925001,18.334037180804895,0.0008008845800507839,0.006577997688412175,0.007378882268462958
0.009979999999999762,2962380.3441294474,666.1285633285147,2909.771640024506,0.823769531475208,0.03736254862085357,3.6986786269084098,18.34647427593178,0.0008044646855858474,0.006574417582877111,0.007378882268462958
0.009989999999999761,2966349.679337553,666.568805024041,2910.22242022837,0.8247743914049185,0.03740340987981388,3.7030608624423347,18.358923636604988,0.0008080620047524109,0.006570820263710547,0.007378882268462958
0.00999999999999976,2970335.2565318877,667.0116616258246,2910.6758691747623,0.8257862134967103,0.037444300296233454,3.7074586139527175,18.37138499767016,0.0008116766427717408,0.006567205625691217,0.007378882268462958
0.01000999999999976,2974337.167426422,667.4571573519924,2911.1320114745995,0.8268050702851728,0.03748522006913887,3.71187194516983,18.383858088605454,0.0008153087057274708,0.006563573562735487,0.007378882268462958
0.01001999999999976,2978355.5045413584,667.90531675049,2911.5908720725524,0.8278310353678919,0.03752616939956725,3.7163009201286887,18.396342633417895,0.0008189583005748089,0.0065599239678881495,0.007378882268462958
0.01002999999999976,2982390.361213297,668.356164704996,2912.052476253005,0.8288641834255638,0.03756714849059489,3.7207456031694264,18.408838350537323,0.0008226255351498667,0.0065562567333130916,0.007378882268462958
0.01003999999999976,2986441.831605568,668.809726440968,2912.516849646146,0.8299045902425777,0.037608157547366294,3.7252060589375984,18.421344952708022,0.0008263105181791152,0.006552571750283843,0.007378882268462958
0.010049999999999759,2990510.0107187442,669.2660275318235,2912.9840182341973,0.8309523327280787,0.03764919677712384,3.7296823523844473,18.433862146877985,0.0008300133592889636,0.006548868909173995,0.007378882268462958
0.010059999999999758,2994594.99440133,669.7250939052602,2913.4540083577785,0.8320074889375206,0.037690266389237975,3.7341745487671,18.446389634085605,0.0008337341690154718,0.0065451480994474865,0.007378882268462958
0.010069999999999758,2998696.879360631,670.1869518497185,2913.9268467224183,0.8330701380947321,0.03773136659523795,3.7386827136487084,18.458927109343897,0.00083747305881419,0.006541409209648769,0.007378882268462958
0.010079999999999758,3002815.763173813,670.6516280209906,2914.4025604052104,0.8341403606144995,0.03777249760884315,3.7432069128985255,18.471474261522065,0.0008412301410701332,0.006537652127392825,0.007378882268462958
0.010089999999999757,3006951.744299147,671.1191494489796,2914.8811768616206,0.8352182381256882,0.03781365964599502,3.7477472126919174,18.48403077322441,0.000845005529107889,0.0065338767393550694,0.007378882268462958
0.010099999999999757,3011104.9220874524,671.5895435446132,2915.362723932449,0.8363038534949148,0.03785485292488958,3.752303679510306,18.496596320666463,0.0008487993372018642,0.006530082931261094,0.007378882268462958
0.010109999999999756,3015275.3967937366,672.062838106917,2915.847229850952,0.8373972908507851,0.037896077666010566,3.756876380141039,18.509170573548314,0.0008526116805866703,0.006526270587876288,0.007378882268462958
0.010119999999999756,3019463.2695890376,672.5390613302487,2916.3347232501246,0.8384986356087187,0.0379373340921632,3.7614653816771857,18.52175319492504,0.0008564426754676488,0.00652243959299531,0.007378882268462958
0.010129999999999756,3023668.642572474,673.0182418117026,2916.8252331701565,0.8396079744963666,0.03797862242850859,3.7660707515172573,18.53434384107414,0.0008602924390315431,0.006518589829431415,0.007378882268462958
0.010139999999999755,3027891.618783508,673.5004085586842,2917.318789066054,0.8407253955796541,0.03801994290259887,3.770692557364842,18.546942161359908,0.0008641610894573139,0.006514721179005645,0.007378882268462958
0.010149999999999755,3032132.3022144223,673.9855909966626,2917.8154208154447,0.8418509882894522,0.038061295744412894,3.775330867228157,18.559547798094673,0.0008680487459271041,0.006510833522535854,0.007378882268462958
0.010159999999999754,3036390.7978230217,674.4738189771044,2918.3151587265625,0.8429848434489045,0.03810268118639272,3.7799857494195135,18.57216038639685,0.0008719555286373547,0.006506926739825603,0.007378882268462958
0.010169999999999754,3040667.211545559,674.9651227855958,2918.8180335464176,0.8441270533014246,0.038144099463480775,3.7846572725546888,18.584779554045582,0.0008758815588100729,0.006503000709652885,0.007378882268462958
0.010179999999999753,3044961.6503098924,675.4595331501554,2919.3240764691636,0.8452777115393879,0.03818555081315774,3.789345505552201,18.59740492133208,0.0008798269587042565,0.0064990553097587014,0.007378882268462958
0.010189999999999753,3049274.2220488796,675.957081249746,2919.83331914466,0.8464369133335344,0.0382270354754812,3.7940505176324844,18.610036100907394,0.0008837918516274754,0.006495090416835483,0.007378882268462958
0.010199999999999753,3053605.0357140168,676.4577987229892,2920.3457936872387,0.8476047553631018,0.03826855369312504,3.7987723783169645,18.62267269762663,0.0008877763619476147,0.006491105906515343,0.007378882268462958
0.010209999999999752,3057954.20128932,676.9617176770896,2920.861532684679,0.8487813358467163,0.03831010571141962,3.8035111574270193,18.635314308389432,0.0008917806151047805,0.006487101653358178,0.007378882268462958
0.010219999999999752,3062321.8298054636,677.4688706969741,2921.3805692074025,0.8499667545740616,0.038351691778392795,3.808266925082825,18.647960521976703,0.0008958047376233708,0.006483077530839588,0.007378882268462958
0.010229999999999751,3066708.0333541776,677.9792908546525,2921.9029368178835,0.851161112938345,0.03839331214481169,3.8130397517020955,18.6606109188834,0.0008998488571243158,0.006479033411338642,0.007378882268462958
0.010239999999999751,3071112.925102909,678.4930117188056,2922.428669580292,0.8523645139695889,0.038434967064225355,3.817829707998686,18.673265071147338,0.0009039131023374884,0.00647496916612547,0.007378882268462958
0.01024999999999975,3075536.619309753,679.0100673646095,2922.95780207037,0.8535770623687718,0.0384766567930083,3.8226368649810767,18.685922542173817,0.0009079976031142874,0.006470884665348671,0.007378882268462958
0.01025999999999975,3079979.2313386663,679.530492383799,2923.490369385548,0.8547988645428484,0.038518381590404875,3.82746129395072,18.69858288655608,0.0009121024904404003,0.006466779778022558,0.007378882268462958
0.01026999999999975,3084440.877674959,680.054321894981,2924.026407155313,0.8560300286406627,0.03856014171857456,3.8323030665002524,18.711245649891325,0.0009162278964487425,0.006462654372014215,0.007378882268462958
0.01027999999999975,3088921.6759410817,680.5815915542031,2924.5659515518305,0.8572706645897983,0.03860193744263823,3.8371622545115533,18.723910368592303,0.0009203739544325798,0.006458508314030378,0.007378882268462958
0.010289999999999749,3093421.7449127077,681.1123375657864,2925.1090393008294,0.8585208841343823,0.03864376903072531,3.842038930153665,18.736576569694236,0.0009245407988588349,0.0064543414696041235,0.007378882268462958
0.010299999999999749,3097941.2045351216,681.6465966934286,2925.65570769276,0.8597808008738794,0.038685636754021965,3.8469331658805466,18.74924377065702,0.0009287285653815851,0.006450153703081373,0.007378882268462958
0.010309999999999748,3102480.1759399176,682.1844062715868,2926.2059945942315,0.8610505303029019,0.03872754088682024,3.851845034428669,18.761911479162517,0.0009329373908557454,0.006445944877607213,0.007378882268462958
0.010319999999999748,3107038.781462021,682.7258042171487,2926.7599384597347,0.8623301898520696,0.038769481706568264,3.856774608814438,18.774579192906845,0.0009371674133509525,0.006441714855112006,0.007378882268462958
0.010329999999999747,3111617.1446570335,683.2708290413998,2927.317578343663,0.863619898929954,0.03881145949392149,3.861721962331442,18.787246399387453,0.000941418772165639,0.006437463496297319,0.007378882268462958
0.010339999999999747,3116215.3903189152,683.8195198622964,2927.878953912642,0.8649197789661387,0.038853474532795015,3.8666871685475113,18.799912575684882,0.0009456916078413126,0.006433190660621646,0.007378882268462958
0.010349999999999747,3120833.6444980106,684.3719164170528,2928.4441054581653,0.8662299534554316,0.03889552711041704,3.871670301301591,18.812577188239064,0.0009499860621770367,0.006428896206285921,0.007378882268462958
0.010359999999999746,3125472.0345194256,684.9280590750552,2929.0130739095644,0.8675505480032645,0.03893761751738343,3.8766714347004108,18.82523969261991,0.0009543022782441168,0.0064245799902188415,0.007378882268462958
0.010369999999999746,3130130.689001765,685.4879888511072,2929.585900847307,0.868881690372323,0.03897974604771344,3.8816906431149434,18.837899533292145,0.0009586404004010005,0.0064202418680619575,0.007378882268462958
0.010379999999999745,3134809.7378762397,686.0517474190228,2930.1626285166403,0.8702235105304399,0.039021912998906685,3.8867280011766523,18.85055614337408,0.0009630005743083847,0.006415881694154573,0.007378882268462958
0.010389999999999745,3139509.3124061525,686.6193771255743,2930.743299841594,0.871576140699797,0.03906411867200131,3.8917835837735058,18.863208944390312,0.0009673829469445437,0.0064114993215184145,0.007378882268462958
0.010399999999999745,3144229.5452067717,687.1909210048062,2931.3279584393417,0.872939715407475,0.03910636337163341,3.8968574660457653,18.875857346017927,0.000971787666620876,0.006407094601842083,0.007378882268462958
0.010409999999999744,3148970.5702656033,687.7664227927297,2931.9166486349504,0.8743143715373974,0.03914864740609779,3.901949723381519,18.888500745826278,0.0009762148829976733,0.006402667385465285,0.007378882268462958
0.010419999999999744,3153732.52296307,688.345926942405,2932.5094154765115,0.8757002483837153,0.03919097108741001,3.9070604314119626,18.90113852900995,0.0009806647471001177,0.00639821752136284,0.007378882268462958
0.010429999999999743,3158515.540093609,688.9294786394289,2933.1063047506773,0.8770974877056754,0.03923333473136984,3.912189666006421,18.913770068114747,0.0009851374113345067,0.006393744857128451,0.007378882268462958
0.010439999999999743,3163319.7598872003,689.5171238178368,2933.707362998612,0.8785062337840261,0.03927573865762611,3.917337503267083,18.92639472275657,0.0009896330295047153,0.0063892492389582434,0.007378882268462958
0.010449999999999742,3168145.3220313317,690.1089091764343,2934.312637532372,0.8799266334790109,0.03931818318974297,3.9225040195234553,18.939011839332828,0.0009941517568288925,0.006384730511634066,0.007378882268462958
0.010459999999999742,3172992.367693418,690.7048821955709,2934.9221764517274,0.8813588362899989,0.03936066865526769,3.9276892913265082,18.951620750726285,0.0009986937499563999,0.006380188518506558,0.007378882268462958
0.010469999999999742,3177861.039543682,691.3050911543733,2935.536028661438,0.8828029944168118,0.03940319538579995,3.9328933954425156,18.964220776000978,0.0010032591669849942,0.006375623101477964,0.007378882268462958
0.010479999999999741,3182751.481778509,691.9095851484482,2936.1542438890046,0.8842592628228051,0.039445763717062717,3.9381164088465637,18.976811220090106,0.0010078481674782604,0.006371034100984697,0.007378882268462958
0.01048999999999974,3187663.840144295,692.5184141080755,2936.7768727029015,0.8857277992997578,0.039488373988974715,3.9433584087157234,18.989391373475463,0.0010124609124832922,0.0063664213559796665,0.007378882268462958
0.01049999999999974,3192598.261961786,693.1316288169031,2937.403966531318,0.8872087645346382,0.03953102654572455,3.948619472421864,19.00196051185833,0.0010170975645486346,0.006361784703914323,0.007378882268462958
0.01050999999999974,3197554.89615094,693.7492809311645,2938.0355776814104,0.8887023221783042,0.039573721735846584,3.9538996775241064,19.014517895821374,0.001021758287742479,0.00635712398072048,0.007378882268462958
0.01051999999999974,3202533.8932563094,694.3714229994337,2938.6717593590997,0.8902086389162139,0.03961645991229849,3.9591991017608765,19.0270627704814,0.001026443247671128,0.006352439020791831,0.007378882268462958
0.01052999999999974,3207535.405472969,694.9981084829348,2939.3125656894167,0.891727884541207,0.03965924143254068,3.964517823041575,19.039594365132622,0.0010311526114977236,0.006347729656965235,0.007378882268462958
0.010539999999999739,3212559.586673,695.6293917764286,2939.958051737423,0.8932602320284329,0.03970206665861752,3.96985591943782,19.052111892880117,0.001035886547961247,0.006342995720501711,0.007378882268462958
0.010549999999999738,3217606.5924325413,696.2653282296922,2940.608273529722,0.894805857612501,0.03974493595724052,3.9752134691742533,19.064614550263176,0.0010406452273957958,0.006338237041067163,0.007378882268462958
0.010559999999999738,3222676.580059434,696.9059741696138,2941.263288076583,0.8963649408669329,0.03978784969987342,3.9805905506189023,19.077101516868176,0.0010454288217501358,0.006333453446712822,0.007378882268462958
0.010569999999999738,3227769.7086214605,697.5513869229225,2941.9231533947022,0.8979376647859978,0.03983080826281937,3.9859872422730533,19.08957195493073,0.0010502375046075423,0.006328644763855416,0.007378882268462958
0.010579999999999737,3232886.138975212,698.2016248395756,2942.58792853061,0.8995242158690081,0.0398738120273101,3.991403622760648,19.102025008926645,0.0010550714512059197,0.006323810817257039,0.007378882268462958
0.010589999999999737,3238026.033795584,698.856747316828,2943.257673584763,0.9011247842071776,0.0399168613795973,3.996839770817157,19.114459805151345,0.0010599308384582186,0.00631895143000474,0.007378882268462958
0.010599999999999736,3243189.5576059325,699.5168148240032,2943.932449736333,0.9027395635731253,0.03995995671104621,4.002295765277916,19.126875451287443,0.0010648158449731453,0.006314066423489813,0.007378882268462958
0.010609999999999736,3248376.8768088985,700.1818889279945,2944.6123192687232,0.9043687515131209,0.0400030984182314,4.007771685065911,19.139271035959982,0.0010697266510761713,0.006309155617386787,0.007378882268462958
0.010619999999999736,3253588.1597179277,700.85203231952,2945.2973455958345,0.9060125494421749,0.04004628690303497,4.0132676091789685,19.151645628278988,0.0010746634388308417,0.006304218829632117,0.007378882268462958
0.010629999999999735,3258823.5765894977,701.5273088401599,2945.987593289106,0.907671162742075,0.04008952257274711,4.018783616676355,19.163998277368833,0.0010796263920603935,0.006299255876402565,0.007378882268462958
0.010639999999999735,3264083.299656078,702.2077835102008,2946.6831281053646,0.9093448008624827,0.040132805840169185,4.024319786664717,19.176328011884017,0.001084615696369686,0.006294266572093272,0.007378882268462958
0.010649999999999734,3269367.5031598452,702.8935225573199,2947.384017015507,0.9110336774251944,0.04017613712371933,4.029876198283384,19.18863383951094,0.001089631539167439,0.0062892507292955195,0.007378882268462958
0.010659999999999734,3274676.3633871656,703.584593446137,2948.0903282340396,0.912738010331694,0.04021951684754067,4.035452930688972,19.200914746455016,0.001094674109688798,0.00628420815877416,0.007378882268462958
0.010669999999999734,3280010.0587038808,704.2810649086649,2948.802131249521,0.9144580218741183,0.04026294544161236,4.041050063039254,19.213169696912868,0.0010997435990182135,0.0062791386694447445,0.007378882268462958
0.010679999999999733,3285368.7695914106,704.9830069756948,2949.519496855925,0.9161939388497548,0.04030642334186326,4.0466676744763,19.225397632528814,0.0011048402001126504,0.006274042068350308,0.007378882268462958
0.010689999999999733,3290752.678683698,705.6904910091462,2950.242497184966,0.9179459926792237,0.04034995099028865,4.0523058441088144,19.237597471835333,0.0011099641078251277,0.00626891816063783,0.007378882268462958
0.010699999999999732,3296161.970805025,706.40358973542,2950.971205739421,0.919714419528467,0.04039352883506984,4.057964650993665,19.249768109676772,0.0011151155189285877,0.006263766749534371,0.007378882268462958
0.010709999999999732,3301596.8330087224,707.1223772797931,2951.705697427483,0.9214994604347018,0.04043715733069686,4.063644174116553,19.26190841661579,0.0011202946321401054,0.006258587636322853,0.007378882268462958
0.010719999999999731,3307057.4546167995,707.8469292018884,2952.446048598187,0.923301361436489,0.04048083693809436,4.069344492371781,19.274017238321875,0.0011255016481454374,0.006253380620317521,0.007378882268462958
0.010729999999999731,3312544.0272605247,708.5773225322662,2953.192337077945,0.9251203737080715,0.040524568124750714,4.075065684541105,19.28609339494139,0.0011307367696239124,0.006248145498839046,0.007378882268462958
0.01073999999999973,3318056.744921982,709.3136358101768,2953.944642208234,0.9269567536981581,0.040568351364850576,4.080807829271597,19.298135680448265,0.0011360002012736714,0.006242882067189287,0.007378882268462958
0.01074999999999973,3323595.8039766345,710.0559491225177,2954.703044884482,0.928810763273321,0.04061218713941085,4.086571005052498,19.310142861974914,0.0011412921498372556,0.0062375901186257025,0.007378882268462958
0.01075999999999973,3329161.403236929,710.8043441440434,2955.4676275961933,0.9306826698661916,0.04065607593642031,4.092355290191003,19.322113679122424,0.0011466128241275503,0.006232269444335408,0.007378882268462958
0.01076999999999973,3334753.7439969652,711.5589041788752,2956.238474468365,0.9325727466286451,0.0407000182509829,4.098160762786933,19.334046843249364,0.0011519624350540794,0.006226919833408879,0.007378882268462958
0.010779999999999729,3340373.030078274,712.3197142033616,2957.0156713042416,0.9344812725901793,0.040744014585464894,4.103987500706255,19.345941036738388,0.0011573411956496637,0.006221541072813294,0.007378882268462958
0.010789999999999729,3346019.4678767305,713.0868609103403,2957.7993056294627,0.9364085328216846,0.04078806544964602,4.109835581553376,19.35779491223987,0.0011627493210974384,0.00621613294736552,0.007378882268462958
0.010799999999999728,3351693.2664106386,713.8604327548605,2958.5894667376506,0.9383548186048359,0.04083217136087467,4.115705082642169,19.369607091891567,0.0011681870287582308,0.006210695239704727,0.007378882268462958
0.010809999999999728,3357394.637370031,714.6405200014192,2959.3862457375067,0.9403204276073336,0.040876332844227335,4.121596080965683,19.381376166513604,0.0011736545381983085,0.00620522773026465,0.007378882268462958
0.010819999999999727,3363123.795167213,715.4272147727746,2960.189735601462,0.9423056640642251,0.04092055043267245,4.127508653164453,19.393100694777637,0.0011791520712174858,0.006199730197245472,0.007378882268462958
0.010829999999999727,3368880.9569885987,716.2206111003974,2961.000031215958,0.9443108389655743,0.04096482466723874,4.1334428754933565,19.404779202349406,0.0011846798518776105,0.006194202416585348,0.007378882268462958
0.010839999999999727,3374666.3428478753,717.0208049766279,2961.8172294334095,0.9463362702507221,0.04100915609718822,4.1393988237869594,19.4164101810035,0.0011902381065314054,0.006188644161931553,0.007378882268462958
0.010849999999999726,3380480.1756405425,717.8278944086079,2962.641429125927,0.9483822830094372,0.04105354528019412,4.145376573423269,19.42799208770936,0.0011958270638516887,0.00618305520461127,0.007378882268462958
0.010859999999999726,3386322.6811998696,718.6419794740566,2963.4727312408663,0.9504492096902311,0.041097992782523726,4.151376199285816,19.439523343687362,0.0012014469548609664,0.006177435313601992,0.007378882268462958
0.010869999999999725,3392194.0883543165,719.4631623789719,2964.3112388582786,0.9525373903161426,0.04114249917922644,4.157397775724007,19.451002333433774,0.0012070980129613835,0.006171784255501574,0.007378882268462958
0.010879999999999725,3398094.62898647,720.2915475173309,2965.157057250341,0.9546471727083236,0.04118706505432723,4.163441376511641,19.4624274037135,0.0012127804739650544,0.0061661017944979035,0.007378882268462958
0.010889999999999725,3404024.538093542,721.1272415328767,2966.0102939428507,0.9567789127177438,0.04123169100102559,4.16950707480352,19.473796862519148,0.0012184945761247582,0.0061603876923382005,0.007378882268462958
0.010899999999999724,3409984.0538494857,721.9703533830775,2966.8710587788632,0.9589329744653805,0.04127637762190028,4.175594943090067,19.4851089779952,0.0012242405601649963,0.006154641708297962,0.007378882268462958
0.010909999999999724,3415973.41766878,722.8209944053494,2967.7394639845697,0.9611097305912523,0.04132112552911999,4.1817050531498365,19.496361977325886,0.0012300186693134205,0.006148863599149538,0.007378882268462958
0.010919999999999723,3421992.8742719423,723.6792783856391,2968.61562423751,0.9633095625126944,0.04136593534466024,4.187837475999831,19.507554045585223,0.001235829149332617,0.006143053119130342,0.007378882268462958
0.010929999999999723,3428042.6717528305,724.5453216294682,2969.4996567372086,0.9655328606922754,0.041410807700526575,4.193992281843522,19.518683324547755,0.0012416722485522455,0.0061372100199107125,0.007378882268462958
0.010939999999999723,3434123.061647788,725.4192430355438,2970.3916812783523,0.9677800249157885,0.04145574323898449,4.200169540016454,19.529747911458333,0.0012475482179015384,0.00613133405056142,0.007378882268462958
0.010949999999999722,3440234.2990067042,726.3011641720478,2971.2918203266104,0.9700514645807684,0.04150074261279614,4.206369318929312,19.54074585775927,0.0012534573109421387,0.0061254249575208196,0.007378882268462958
0.010959999999999722,3446376.6424660524,727.1912093557213,2972.2001990972094,0.9723475989960062,0.041545806485464236,4.212591686008347,19.551675167773123,0.001259399783901281,0.006119482484561677,0.007378882268462958
0.010969999999999721,3452550.354323978,728.0895057338656,2973.116945636393,0.9746688576925638,0.041590935531483283,4.218836707633002,19.56253379733923,0.0012653758957053072,0.006113506372757651,0.007378882268462958
0.010979999999999721,3458755.700617505,728.9961833693936,2974.042190905882,0.9770156807468107,0.04163613043659854,4.225104449070636,19.573319652401988,0.0012713859080135028,0.0061074963604494555,0.007378882268462958
0.01098999999999972,3464992.9512019404,729.9113753290604,2974.9760688704755,0.9793885191160447,0.04168139189807288,4.231394974408158,19.584030587548984,0.0012774300852522557,0.006101452183210702,0.007378882268462958
0.01099999999999972,3471262.379832557,730.8352177750224,2975.9187165889325,0.9817878349872676,0.041726720624961924,4.23770834648046,19.59466440449671,0.0012835086946495048,0.006095373573813454,0.007378882268462958
0.01100999999999972,3477564.264248628,731.7678500598715,2976.870274308273,0.9842141021397416,0.041772117338397786,4.244044626795463,19.605218850521663,0.0012896220062694943,0.006089260262193464,0.007378882268462958
0.01101999999999972,3483898.8862599125,732.7094148253053,2977.830885561668,0.9866678063219666,0.04181758277188167,4.250403875455609,19.615691616834415,0.0012957702930477936,0.006083111975415165,0.007378882268462958
0.011029999999999719,3490266.531835668,733.660058104598,2978.8006972700646,0.9891494456437716,0.04186311767158575,4.256786151075624,19.6260803368943,0.0013019538308265861,0.006076928437636372,0.007378882268462958
0.011039999999999718,3496667.4911962952,734.6199294290487,2979.779859847736,0.991659530984232,0.04190872279666467,4.263191510696362,19.636382584661945,0.001308172898390198,0.00607070937007276,0.007378882268462958
0.011049999999999718,3503102.058907709,735.5891819385937,2980.7685273119205,0.994198586416176,0.04195439891957699,4.269620009694524,19.646595872787028,0.0013144277775008497,0.006064454490962108,0.007378882268462958
0.011059999999999718,3509570.533978532,736.5679724967753,2981.7668573967517,0.9967671496480943,0.04200014682641709,4.276071701688046,19.65671765072831,0.0013207187529346153,0.006058163515528343,0.007378882268462958
0.011069999999999717,3516073.219960227,737.5564618102761,2982.775011671679,0.9993657724842869,0.04204596731725783,4.282546638436921,19.666745302802926,0.001327046112517556,0.006051836155945402,0.007378882268462958
0.011079999999999717,3522610.425050276,738.5548145532351,2983.7931556645844,1.0019950213041562,0.04209186120650444,4.289044869739234,19.676676146161736,0.0013334101471620073,0.006045472121300951,0.007378882268462958
0.011089999999999716,3529182.46219852,739.5631994965739,2984.8214589898325,1.0046554775615921,0.042137829323260156,4.295566443322136,19.686507428687413,0.0013398111509029904,0.006039071117559968,0.007378882268462958
0.011099999999999716,3535789.64921679,740.5817896425792,2985.860095481471,1.0073477383054488,0.04218387251170399,4.3021114047275235,19.696236326811622,0.0013462494209347117,0.006032632847528247,0.007378882268462958
0.011109999999999716,3542432.308891949,741.610762364993,2986.9092433318565,1.0100724167221853,0.042229991631481174,4.308679797192091,19.705859943247667,0.001352725257647124,0.006026157010815834,0.007378882268462958
0.011119999999999715,3549110.7691024826,742.6502995548865,2987.9690852359427,1.012830142701781,0.04227618755810686,4.315271661521522,19.715375304634602,0.0013592389646624968,0.006019643303800461,0.007378882268462958
0.011129999999999715,3555825.362938783,743.7005877725996,2989.039808541533,1.0156215634281303,0.042322461183383495,4.32188703595844,19.724779359088668,0.001365790848871972,0.006013091419590986,0.007378882268462958
0.011139999999999714,3562576.428827267,744.761818406053,2990.1216054057777,1.0184473439951647,0.0423688134158326,4.328525956043829,19.734068973657674,0.0013723812204720373,0.006006501047990921,0.007378882268462958
0.011149999999999714,3569364.310658486,745.8341878357498,2991.2146729582346,1.0213081680500535,0.042415245181141474,4.335188454471532,19.74324093167371,0.0013790103930008866,0.005999871875462071,0.007378882268462958
0.011159999999999714,3576189.3579193912,746.9178976068109,2992.3192134708224,1.0242047384648898,0.042461757422625465,4.341874560935486,19.752291929999284,0.0013856786833745956,0.005993203585088362,0.007378882268462958
0.011169999999999713,3583051.9258299223,748.0131546083985,2993.4354345350152,1.0271377780383708,0.04250835110170653,4.3485843019692565,19.761218576161745,0.0013923864119230686,0.00598649585653989,0.007378882268462958
0.011179999999999713,3589952.3754840977,749.1201712609152,2994.563549246651,1.0301080302290728,0.04255502719840876,4.355317700777462,19.77001738537052,0.0013991339024256677,0.005979748366037291,0.007378882268462958
0.011189999999999712,3596891.0739957974,750.2391657113777,2995.703776398743,1.0331162599220092,0.042601786711871585,4.362074777058646,19.778684777411414,0.001405921482146479,0.005972960786316479,0.007378882268462958
0.011199999999999712,3603868.39464943,751.3703620373988,2996.8563406827193,1.0361632542302837,0.042648630660881544,4.368855546819079,19.787217073411867,0.0014127494818691163,0.005966132786593842,0.007378882268462958
0.011209999999999712,3610884.7170556956,752.5139904602281,2998.021472898521,1.0392498233337435,0.04269556008442331,4.375660022177029,19.79561049247072,0.001419618235930982,0.005959264032531976,0.007378882268462958
0.011219999999999711,3617940.4273126577,753.6702875673416,2999.199410174035,1.04237680135668,0.042742576042250964,4.3824882111569,19.80386114814562,0.0014265280822569023,0.005952354186206056,0.007378882268462958
0.01122999999999971,3625035.918172359,754.8394965450867,3000.390396194362,1.0455450472867385,0.04278967961548035,4.389340117472697,19.811965044790906,0.0014334793623920173,0.005945402906070941,0.007378882268462958
0.01123999999999971,3632171.589213214,756.0218674219357,3001.594681441439,1.0487554459373478,0.042836871907203526,4.396215740300189,19.819918073738187,0.0014404724215338264,0.005938409846929131,0.007378882268462958
0.01124999999999971,3639347.847018439,757.2176573229224,3002.812523444594,1.0520089089561266,0.04288415404312629,4.403115074037096,19.827716009311608,0.0014475076085632703,0.005931374659899688,0.007378882268462958
0.01125999999999971,3646565.105360781,758.427130735887,3004.0441870426102,1.0553063758818915,0.042931527172229915,4.410038108050625,19.835354504669017,0.0014545852760747039,0.005924296992388254,0.007378882268462958
0.011269999999999709,3653823.785393828,759.6505597901804,3005.2899446579636,1.0586488152530569,0.042978992467458184,4.4169848264115705,19.84282908746005,0.0014617057804046372,0.005917176488058321,0.007378882268462958
0.011279999999999709,3661124.3158502015,760.8882245485352,3006.550076583886,1.0620372257704105,0.043026551126430924,4.423955207614212,19.850135155291248,0.0014688694816590718,0.005910012786803887,0.007378882268462958
0.011289999999999708,3668467.133246933,762.1404133128459,3007.8248712849913,1.0654726375174484,0.04307420437218533,4.430949224281139,19.85726797098797,0.001476076743739268,0.00590280552472369,0.007378882268462958
0.011299999999999708,3675852.6820983677,763.4074229446596,3009.1146257122314,1.0689561132416687,0.043121953453946406,4.437966842852082,19.864222657642078,0.0014833279343657649,0.005895554334097193,0.007378882268462958
0.011309999999999707,3683281.4151369296,764.6895592012252,3010.4196456329996,1.0724887497004576,0.043169799647927956,4.445008023255796,19.870994193433678,0.001490623425100443,0.005888258843362516,0.007378882268462958
0.011319999999999707,3690753.793542126,765.9871370880096,3011.740245977262,1.0760716790754599,0.0432177442581656,4.45207271856394,19.877577406214577,0.0014979635913664158,0.005880918677096543,0.007378882268462958
0.011329999999999707,3698270.2871781737,767.3004812286529,3013.07675120065,1.0797060704595864,0.04326578861738343,4.459160874625823,19.883966967840063,0.0015053488124655145,0.005873533455997444,0.007378882268462958
0.011339999999999706,3705831.3748406577,768.629926253398,3014.4294956655126,1.0833931314211147,0.04331393408789597,4.466272429682863,19.89015738823506,0.0015127794715930972,0.0058661027968698615,0.007378882268462958
0.011349999999999706,3713437.5445126574,769.9758172071051,3015.798824041,1.0871341096496614,0.04336218206254723,4.473407313961418,19.89614300917947,0.0015202559558499201,0.005858626312613038,0.007378882268462958
0.011359999999999705,3721089.2936307993,771.3385099780397,3017.1850917233182,1.0909302946891326,0.0434105339656888,4.480565449242678,19.90191799779678,0.0015277786562507346,0.0058511036122122235,0.007378882268462958
0.011369999999999705,3728787.1293617208,772.7183717487039,3018.588665277381,1.0947830197631498,0.04345899125419886,4.487746748408101,19.907476339728706,0.0015353479677293084,0.00584353430073365,0.007378882268462958
0.011379999999999705,3736531.5688894605,774.1157814700774,3020.0099229011653,1.0986936636988385,0.04350755541854437,4.494951114958837,19.912811831977674,0.0015429642891394819,0.005835917979323476,0.007378882268462958
0.011389999999999704,3744323.139714321,775.5311303607275,3021.44925491418,1.1026636529553164,0.043556227983888654,4.5021784425074225,19.91791807539751,0.0015506280232518727,0.0058282542452110855,0.007378882268462958
0.011399999999999704,3752162.3799637817,776.9648224323604,3022.9070642715496,1.1066944637636815,0.04360501051124679,4.509428614239957,19.922788466811518,0.001558339576745795,0.005820542691717163,0.007378882268462958
0.011409999999999703,3760049.8387160753,778.4172750434965,3024.3837671053316,1.1107876243858277,0.043653904598691326,4.516701502346753,19.92741619073551,0.001566099360195927,0.005812782908267032,0.007378882268462958
0.011419999999999703,3767986.076337083,779.8889194830832,3025.8797932948014,1.1149447174999656,0.04370291188261114,4.523996967419394,19.931794210681907,0.0015739077880531972,0.0058049744804097615,0.007378882268462958
0.011429999999999703,3775971.664831233,781.380201585992,3027.395587067576,1.1191673827213442,0.04375203403902623,4.531314857811899,19.93591526001919,0.0015817652786193491,0.00579711698984361,0.007378882268462958
0.011439999999999702,3784007.1882071495,782.891582382498,3028.9316076335717,1.1234573192673296,0.043801272784961626,4.538655008963565,19.93977183235923,0.0015896722540145502,0.005789210014448408,0.007378882268462958
0.011449999999999702,3792093.2428588197,784.4235387839984,3030.488329853973,1.1278162887767231,0.043850629879883675,4.546017242680829,19.943356171443003,0.0015976291401373977,0.00578125312832556,0.007378882268462958
0.011459999999999701,3800230.4379631295,785.9765643074072,3032.0662449475185,1.132246118293981,0.04390010712720217,4.553401366375326,19.94666026049292,0.0016056363666165714,0.005773245901846387,0.007378882268462958
0.011469999999999701,3808419.395894639,787.5511698408507,3033.6658612366296,1.136748703429875,0.04394970637584221,4.560807172255041,19.94967581099776,0.0016136943667533485,0.0057651879017096095,0.007378882268462958
0.0114799999999997,3816660.752658554,789.147884453499,3035.2877049360764,1.1413260117110589,0.043999429521889594,4.568234436465253,19.952394250893633,0.0016218035774541032,0.005757078691008855,0.007378882268462958
0.0114899999999997,3824955.158342893,790.7672562526004,3036.932320987104,1.1459800861320388,0.044049278510314274,4.575682918175672,19.954806712101423,0.0016299644391518284,0.005748917829311129,0.007378882268462958
0.0114999999999997,3833303.277590936,792.4098532910298,3038.6002739401783,1.150713048924181,0.04409925533677628,4.583152358609874,19.956904017378402,0.0016381773957156542,0.005740704872747304,0.007378882268462958
0.0115099999999997,3841705.7900950927,794.0762645289385,3040.292148889761,1.1555271055576146,0.04414936204951905,4.590642480012817,19.95867666643816,0.0016464428943471963,0.005732439374115762,0.007378882268462958
0.011519999999999699,3850163.3911134237,795.7671008533919,3042.0085524648066,1.1604245489932314,0.044199600751355546,4.598152984551898,19.960114821289572,0.0016547613854624907,0.005724120883000467,0.007378882268462958
0.011529999999999698,3858676.792010128,797.4829961602073,3043.750113878994,1.1654077642034932,0.044249973601752576,4.605683553146549,19.961208290741393,0.0016631333225581456,0.0057157489459048125,0.007378882268462958
0.011539999999999698,3867246.720821399,799.2246085025646,3045.517486045014,1.1704792329823774,0.04430048281901962,4.613233844221048,19.961946514015068,0.0016715591620601853,0.005707323106402773,0.007378882268462958
0.011549999999999698,3875873.922848155,800.9926213113582,3047.311346757642,1.1756415390665695,0.04435113068260847,4.62080349237464,19.962318543403242,0.0016800393631539472,0.005698842905309011,0.007378882268462958
0.011559999999999697,3884559.161277257,802.7877446926899,3049.132399950699,1.1808973735920363,0.044401919535530764,4.628392106962652,19.96231302590675,0.001688574387593203,0.005690307880869755,0.007378882268462958
0.011569999999999697,3893303.217832946,804.6107168083823,3050.981377033471,1.1862495409122356,0.04445285178690085,4.635999270581643,19.961918183776916,0.001697164699486502,0.005681717568976456,0.007378882268462958
0.011579999999999696,3902106.8934603524,806.4623053459173,3052.859038312634,1.1917009648066708,0.04450392991461217,4.643624537451067,19.961121793883976,0.0017058107650585466,0.005673071503404412,0.007378882268462958
0.011589999999999696,3910971.0090430775,808.3433090847857,3054.766174506295,1.1972546951111394,0.044555156468155735,4.651267431683177,19.959911165825556,0.001714513052384164,0.0056643692160787944,0.007378882268462958
0.011599999999999696,3919896.4061569953,810.2545595668746,3056.7036083573294,1.2029139148039651,0.044606534071590244,4.658927445432222,19.958273118681785,0.0017232720310922124,0.005655610237370746,0.007378882268462958
0.011609999999999695,3928883.9478625786,812.1969228792274,3058.672196353881,1.2086819475857862,0.044658065426673825,4.666604036913065,19.956193956315392,0.00173208817203648,0.005646794096426478,0.007378882268462958
0.011619999999999695,3937934.519538245,814.1713015582973,3060.6728305656043,1.2145622659940414,0.044709753316168464,4.674296628278487,19.953659441105998,0.001740961946930321,0.005637920321532638,0.007378882268462958
0.011629999999999694,3947049.029757403,816.1786366256856,3062.7064406050463,1.2205585000973733,0.04476160060732891,4.682004603343386,19.950654765998017,0.0017498938279414413,0.0056289884405215165,0.007378882268462958
0.011639999999999694,3956228.4112120965,818.2199097663203,3064.773995724456,1.2266744468195816,0.04481361025558888,4.6897273051429655,19.947164524730482,0.001758884287242867,0.005619997981220091,0.007378882268462958
0.011649999999999694,3965473.6216863785,820.2961456611063,3066.87650705931,1.2329140799477647,0.0448657853084585,4.697464033310689,19.94317268010481,0.0017679337965157084,0.00561094847194725,0.007378882268462958
0.011659999999999693,3974785.6450827974,822.4084144872699,3069.0150300309397,1.2392815608848151,0.04491812890964793,4.7052140412604615,19.93866253013347,0.0017770428263988408,0.005601839442064117,0.007378882268462958
0.011669999999999693,3984165.4925056603,824.5578346009585,3071.190666921888,1.2457812502126304,0.04497064430343367,4.7129765331558335,19.933616671896928,0.0017862118458801196,0.005592670422582839,0.007378882268462958
0.011679999999999692,3993614.2034050454,826.7455754181345,3073.4045696389876,1.2524177201393383,0.045023334839285216,4.7207506606473615,19.92801696292033,0.0017954413216231381,0.00558344094683982,0.007378882268462958
